name,email,Signup_Dt,city,segment,signup_date,name_clean,email_clean
victoria massey,oheath@example.com,01-Jan-2019,Sydney,B,2019-01-01,Victoria Massey,oheath@example.com
Cathy Barnes,brian65@example.net,01/07/2019,Sydney,,2019-01-07,Cathy Barnes,brian65@example.net
Vicki Hernandez,nicholas09@example.org,"January 08, 2019",Manchester,C,2019-01-08,Vicki Hernandez,nicholas09@example.org
Kimberly Chan,gouldchristina@example.com,"January 11, 2019",Chicago,VIP,2019-01-11,Kimberly Chan,gouldchristina@example.com
BETHANY HOLMES,wilsonjerry@example.net,"January 13, 2019",Sydney,,2019-01-13,Bethany Holmes,wilsonjerry@example.net
Timothy White,hilljamie@example.net,14-Jan-2019,Los Angeles,B,2019-01-14,Timothy White,hilljamie@example.net
ALEXANDRA HODGE,robertsonjennifer@example.com,01/15/2019,Berlin,VIP,2019-01-15,Alexandra Hodge,robertsonjennifer@example.com
Krystal Levine,april91@example.com,01/20/2019,Bangkok,C,2019-01-20,Krystal Levine,april91@example.com
Luke Miller,pparker@example.net,2019-01-20,New York,C,2019-01-20,Luke Miller,pparker@example.net
Adrian Lee,lori69@example.net,"January 22, 2019",Mumbai,A,2019-01-22,Adrian Lee,lori69@example.net
david small,brownalexa@example.com,2019-01-23,Mumbai,C,2019-01-23,David Small,brownalexa@example.com
christopher mason,michaelmccarthy@example.com,01/25/2019,London,B,2019-01-25,Christopher Mason,michaelmccarthy@example.com
paul phelps,john86@example.com,26-Jan-2019,Chicago,VIP,2019-01-26,Paul Phelps,john86@example.com
debbie king,ucarr@example.org,"February 01, 2019",Paris,A,2019-02-01,Debbie King,ucarr@example.org
David Smith,amassey@example.net,02/03/2019,Toronto,VIP,2019-02-03,David Smith,amassey@example.net
Matthew Fox,sue78@example.com,02/03/2019,Munich,VIP,2019-02-03,Matthew Fox,sue78@example.com
GREGORY HOLMES PHD,gary24@example.net,2019-02-04,New York,,2019-02-04,Gregory Holmes Phd,gary24@example.net
Karen Avery,wlucas@example.net,05-Feb-2019,Manchester,C,2019-02-05,Karen Avery,wlucas@example.net
Keith Henry,vjohnston@example.org,02/05/2019,Bangkok,C,2019-02-05,Keith Henry,vjohnston@example.org
martha arnold,melissamartin@example.com,05-Feb-2019,Mumbai,,2019-02-05,Martha Arnold,melissamartin@example.com
Amanda Swanson,michaelsherman@example.com,08-Feb-2019,Paris,VIP,2019-02-08,Amanda Swanson,michaelsherman@example.com
David Johnson,alexandernicholas@example.net,02/13/2019,Toronto,,2019-02-13,David Johnson,alexandernicholas@example.net
henry lutz,davidbrown@example.org,14-Feb-2019,Melbourne,A,2019-02-14,Henry Lutz,davidbrown@example.org
Jesse Guzman,byoung@example.com,14-Feb-2019,Toronto,B,2019-02-14,Jesse Guzman,byoung@example.com
Marcus Rich,housedaniel@example.com,02/15/2019,Chicago,C,2019-02-15,Marcus Rich,housedaniel@example.com
Judy Gregory,joycehall@example.org,02/15/2019,Munich,C,2019-02-15,Judy Gregory,joycehall@example.org
Steven Butler,michaelking@example.net,16-Feb-2019,London,C,2019-02-16,Steven Butler,michaelking@example.net
Timothy Garcia,schultzwesley@example.org,17-Feb-2019,Sydney,B,2019-02-17,Timothy Garcia,schultzwesley@example.org
Megan Park,kandrade@example.org,2019-02-21,Los Angeles,VIP,2019-02-21,Megan Park,kandrade@example.org
Jason Potter,dmorales@example.net,"February 22, 2019",Paris,VIP,2019-02-22,Jason Potter,dmorales@example.net
randy cannon,ybrooks@example.com,02/23/2019,Berlin,B,2019-02-23,Randy Cannon,ybrooks@example.com
michael santos,bliu@example.com,"February 23, 2019",New York,A,2019-02-23,Michael Santos,bliu@example.com
Michelle Barrera,jamie46@example.net,24-Feb-2019,Munich,,2019-02-24,Michelle Barrera,jamie46@example.net
andrew chavez,duncanandre@example.net,03/02/2019,Berlin,,2019-03-02,Andrew Chavez,duncanandre@example.net
danielle murphy,patriciavargas@example.org,"March 06, 2019",Mumbai,C,2019-03-06,Danielle Murphy,patriciavargas@example.org
Zachary Hicks,camposmichelle@example.org,"March 07, 2019",Mumbai,,2019-03-07,Zachary Hicks,camposmichelle@example.org
Kenneth Turner,rebeccajames@example.org,2019-03-08,New York,,2019-03-08,Kenneth Turner,rebeccajames@example.org
Mr. Jonathan Anderson,tapiamercedes@example.net,"March 11, 2019",Toronto,C,2019-03-11,Mr. Jonathan Anderson,tapiamercedes@example.net
Bruce Harris,eric47@example.net,03/11/2019,Toronto,,2019-03-11,Bruce Harris,eric47@example.net
David Baird DDS,jcalhoun@example.com,2019-03-11,Vancouver,A,2019-03-11,David Baird Dds,jcalhoun@example.com
Richard Weiss,kimberly66@example.net,"March 12, 2019",Mumbai,C,2019-03-12,Richard Weiss,kimberly66@example.net
Stephen Alvarez,rmiller@example.net,15-Mar-2019,Chicago,VIP,2019-03-15,Stephen Alvarez,rmiller@example.net
STACY TAYLOR,meltonjoshua@example.net,03/17/2019,,C,2019-03-17,Stacy Taylor,meltonjoshua@example.net
LISA GONZALEZ,mccoyjames@example.org,03/22/2019,Mumbai,,2019-03-22,Lisa Gonzalez,mccoyjames@example.org
Kevin Estrada,sloanbenjamin@example.net,2019-03-22,Singapore,B,2019-03-22,Kevin Estrada,sloanbenjamin@example.net
Robert Mendez,qgay@example.com,2019-03-23,Manchester,C,2019-03-23,Robert Mendez,qgay@example.com
Nicole Hale,theodore57@example.net,2019-03-24,Vancouver,C,2019-03-24,Nicole Hale,theodore57@example.net
DEANNA BARTLETT,millerangela@example.net,27-Mar-2019,Singapore,,2019-03-27,Deanna Bartlett,millerangela@example.net
Jessica Odonnell,ashleyjohnson@example.com,30-Mar-2019,Singapore,,2019-03-30,Jessica Odonnell,ashleyjohnson@example.com
Joshua Shepard,gallegoscrystal@example.com,"April 03, 2019",London,C,2019-04-03,Joshua Shepard,gallegoscrystal@example.com
Daniel Adams,lynchgeorge@example.net,04-Apr-2019,Los Angeles,C,2019-04-04,Daniel Adams,lynchgeorge@example.net
Tina Wu,debbie20@example.net,"April 04, 2019",Singapore,C,2019-04-04,Tina Wu,debbie20@example.net
margaret jones,morganfarrell@example.org,2019-04-04,Sydney,C,2019-04-04,Margaret Jones,morganfarrell@example.org
denise stuart,shawn22@example.com,14-Apr-2019,Berlin,B,2019-04-14,Denise Stuart,shawn22@example.com
Mary Lee,jimwilliams@example.org,"April 15, 2019",Singapore,A,2019-04-15,Mary Lee,jimwilliams@example.org
Rickey Hall,lovepaul@example.net,04/17/2019,Berlin,A,2019-04-17,Rickey Hall,lovepaul@example.net
ABIGAIL HILL,barbaramoore@example.org,04/22/2019,Sydney,C,2019-04-22,Abigail Hill,barbaramoore@example.org
charles price,baileyhenderson@example.com,"April 24, 2019",Singapore,VIP,2019-04-24,Charles Price,baileyhenderson@example.com
Heather Williams,westashley@example.org,"April 24, 2019",Manchester,VIP,2019-04-24,Heather Williams,westashley@example.org
AUSTIN WHEELER,tharper@example.org,2019-04-24,Mumbai,B,2019-04-24,Austin Wheeler,tharper@example.org
Jennifer Warren,kristin96@example.com,2019-04-25,Los Angeles,B,2019-04-25,Jennifer Warren,kristin96@example.com
Timothy Bauer,james80@example.net,2019-04-26,Bangkok,C,2019-04-26,Timothy Bauer,james80@example.net
Alicia Wagner,longgary@example.com,"April 28, 2019",Sydney,B,2019-04-28,Alicia Wagner,longgary@example.com
Ruben Cruz,victoriahamilton@example.net,2019-05-06,Berlin,VIP,2019-05-06,Ruben Cruz,victoriahamilton@example.net
stephen jones,mcclainmelissa@example.net,05/07/2019,Paris,VIP,2019-05-07,Stephen Jones,mcclainmelissa@example.net
tommy ball,tracyadams@example.com,2019-05-08,Bangkok,A,2019-05-08,Tommy Ball,tracyadams@example.com
ashley sweeney,byrdfrank@example.net,2019-05-08,Toronto,A,2019-05-08,Ashley Sweeney,byrdfrank@example.net
CRYSTAL CARLSON,uclark@example.org,2019-05-10,Berlin,VIP,2019-05-10,Crystal Carlson,uclark@example.org
JENNA WATSON,fletcherjanet@example.org,05/10/2019,Sydney,VIP,2019-05-10,Jenna Watson,fletcherjanet@example.org
rachel kelly,gomezpaul@example.org,05/11/2019,Toronto,VIP,2019-05-11,Rachel Kelly,gomezpaul@example.org
EVAN MYERS,qcoleman@example.org,05/11/2019,Berlin,,2019-05-11,Evan Myers,qcoleman@example.org
Brent Smith,markfigueroa@example.com,05/11/2019,Munich,,2019-05-11,Brent Smith,markfigueroa@example.com
Elizabeth Brock,ualvarado@example.org,13-May-2019,Munich,VIP,2019-05-13,Elizabeth Brock,ualvarado@example.org
Ashley Duran,gregory14@example.org,2019-05-14,Sydney,,2019-05-14,Ashley Duran,gregory14@example.org
KENNETH FARLEY,taylorkaren@example.com,18-May-2019,Toronto,C,2019-05-18,Kenneth Farley,taylorkaren@example.com
David Harris,ramseyeric@example.net,"May 19, 2019",Manchester,VIP,2019-05-19,David Harris,ramseyeric@example.net
Steven Hicks,emartin@example.com,05/20/2019,Chicago,,2019-05-20,Steven Hicks,emartin@example.com
MICHAEL HOWARD,manderson@example.com,"May 23, 2019",Paris,A,2019-05-23,Michael Howard,manderson@example.com
NICOLE MOORE,zamoraamber@example.com,2019-05-24,Singapore,VIP,2019-05-24,Nicole Moore,zamoraamber@example.com
Bob Pitts,tyleraguilar@example.org,05/27/2019,Chicago,VIP,2019-05-27,Bob Pitts,tyleraguilar@example.org
Stacey Russell,sarayoung@example.org,05/29/2019,Bangkok,VIP,2019-05-29,Stacey Russell,sarayoung@example.org
michael sims,jeremywiley@example.com,05/30/2019,Singapore,VIP,2019-05-30,Michael Sims,jeremywiley@example.com
tammy boone,nicholsmaria@example.org,05/30/2019,Berlin,B,2019-05-30,Tammy Boone,nicholsmaria@example.org
Gina Vega,james01@example.com,30-May-2019,Singapore,B,2019-05-30,Gina Vega,james01@example.com
pamela perry,newtonamber@example.org,02-Jun-2019,Manchester,VIP,2019-06-02,Pamela Perry,newtonamber@example.org
paul finley,brandi90@example.com,2019-06-03,New York,B,2019-06-03,Paul Finley,brandi90@example.com
Makayla Steele,tapiaaaron@example.net,"June 07, 2019",Bangkok,VIP,2019-06-07,Makayla Steele,tapiaaaron@example.net
Carl Stein,david70@example.org,06/07/2019,Singapore,A,2019-06-07,Carl Stein,david70@example.org
Samantha Gardner,curtis54@example.com,06/09/2019,Bangkok,C,2019-06-09,Samantha Gardner,curtis54@example.com
Zachary Santiago,alexanderwong@example.org,06/10/2019,Bangkok,,2019-06-10,Zachary Santiago,alexanderwong@example.org
Philip Hall,mike03@example.net,2019-06-10,Manchester,C,2019-06-10,Philip Hall,mike03@example.net
Patrick Santana,elizabethvaughan@example.net,2019-06-10,Chicago,,2019-06-10,Patrick Santana,elizabethvaughan@example.net
oscar carroll,sandrahickman@example.net,2019-06-12,Manchester,VIP,2019-06-12,Oscar Carroll,sandrahickman@example.net
megan floyd,heather62@example.com,16-Jun-2019,New York,C,2019-06-16,Megan Floyd,heather62@example.com
Beth Shaw,josephross@example.net,2019-06-18,Chicago,A,2019-06-18,Beth Shaw,josephross@example.net
Mary Jones,reginajenkins@example.net,"June 18, 2019",Los Angeles,,2019-06-18,Mary Jones,reginajenkins@example.net
ashley lee,ijackson@example.com,20-Jun-2019,London,C,2019-06-20,Ashley Lee,ijackson@example.com
Tammy Mendoza,hannah27@example.net,06/29/2019,Chicago,B,2019-06-29,Tammy Mendoza,hannah27@example.net
Thomas Barton,taylorrachel@example.com,"June 29, 2019",Los Angeles,VIP,2019-06-29,Thomas Barton,taylorrachel@example.com
Elizabeth Hanna,ramirezchelsea@example.com,"July 02, 2019",Mumbai,A,2019-07-02,Elizabeth Hanna,ramirezchelsea@example.com
Dennis Cooper PhD,cisnerosanthony@example.com,07/04/2019,Berlin,,2019-07-04,Dennis Cooper Phd,cisnerosanthony@example.com
Mary Lewis,foxashley@example.com,2019-07-05,New York,C,2019-07-05,Mary Lewis,foxashley@example.com
DONALD SCHULTZ,oscar98@example.com,2019-07-05,Melbourne,C,2019-07-05,Donald Schultz,oscar98@example.com
Chris Hanson,twagner@example.org,"July 05, 2019",Los Angeles,A,2019-07-05,Chris Hanson,twagner@example.org
deborah mason,williamrodriguez@example.net,"July 06, 2019",Berlin,,2019-07-06,Deborah Mason,williamrodriguez@example.net
Brandy Quinn,wford@example.com,2019-07-06,Vancouver,C,2019-07-06,Brandy Quinn,wford@example.com
STEPHANIE EVANS,zacharyallen@example.org,06-Jul-2019,Sydney,VIP,2019-07-06,Stephanie Evans,zacharyallen@example.org
Rachel Romero,myerstheodore@example.net,"July 07, 2019",New York,VIP,2019-07-07,Rachel Romero,myerstheodore@example.net
MONICA HERRERA,smiller@example.net,"July 09, 2019",Los Angeles,B,2019-07-09,Monica Herrera,smiller@example.net
Phillip Nelson,mariahdavis@example.org,10-Jul-2019,Los Angeles,C,2019-07-10,Phillip Nelson,mariahdavis@example.org
JORGE BATES,anna99@example.com,07/11/2019,Vancouver,B,2019-07-11,Jorge Bates,anna99@example.com
Tyler Shields,csparks@example.net,2019-07-12,Los Angeles,,2019-07-12,Tyler Shields,csparks@example.net
Jane Wells,isaac45@example.org,12-Jul-2019,Singapore,B,2019-07-12,Jane Wells,isaac45@example.org
Dorothy Brown,marystone@example.com,2019-07-13,Chicago,VIP,2019-07-13,Dorothy Brown,marystone@example.com
NICHOLAS PARKER,wdavis@example.net,07/13/2019,Sydney,A,2019-07-13,Nicholas Parker,wdavis@example.net
Adrian Gibbs,leroy57@example.com,07/15/2019,Bangkok,VIP,2019-07-15,Adrian Gibbs,leroy57@example.com
Eric Fowler,charlesyoung@example.net,07/15/2019,London,A,2019-07-15,Eric Fowler,charlesyoung@example.net
Hannah Thompson,wwatson@example.com,2019-07-16,Chicago,B,2019-07-16,Hannah Thompson,wwatson@example.com
cindy wells,uramirez@example.com,"July 17, 2019",Los Angeles,B,2019-07-17,Cindy Wells,uramirez@example.com
William Hoffman,uvasquez@example.org,2019-07-19,Munich,A,2019-07-19,William Hoffman,uvasquez@example.org
Veronica Silva,carlsonjoseph@example.net,"July 22, 2019",Bangkok,VIP,2019-07-22,Veronica Silva,carlsonjoseph@example.net
NINA BERNARD,karenshaw@example.org,"July 24, 2019",Chicago,C,2019-07-24,Nina Bernard,karenshaw@example.org
John Massey,katherinerussell@example.org,07/24/2019,Mumbai,C,2019-07-24,John Massey,katherinerussell@example.org
Laura Williams,nathan29@example.net,2019-07-25,Manchester,VIP,2019-07-25,Laura Williams,nathan29@example.net
Heather Diaz,kmoore@example.org,"July 27, 2019",Los Angeles,A,2019-07-27,Heather Diaz,kmoore@example.org
stephanie bishop,isabellagriffin@example.org,2019-07-31,Vancouver,VIP,2019-07-31,Stephanie Bishop,isabellagriffin@example.org
Danielle Reed,jhernandez@example.net,08/01/2019,Vancouver,B,2019-08-01,Danielle Reed,jhernandez@example.net
Alicia Irwin,donnathomas@example.com,2019-08-02,Chicago,VIP,2019-08-02,Alicia Irwin,donnathomas@example.com
GREGORY FRAZIER,barbarasantos@example.net,03-Aug-2019,Bangkok,A,2019-08-03,Gregory Frazier,barbarasantos@example.net
MICHAEL CROSS,smoore@example.org,08/07/2019,Los Angeles,VIP,2019-08-07,Michael Cross,smoore@example.org
Patrick Moses,smitchell@example.com,08/08/2019,Sydney,,2019-08-08,Patrick Moses,smitchell@example.com
ALLISON WISE,kwood@example.org,08/14/2019,Munich,VIP,2019-08-14,Allison Wise,kwood@example.org
Tanya Foster,pfowler@example.org,"August 16, 2019",Chicago,C,2019-08-16,Tanya Foster,pfowler@example.org
ADAM MCCOY,fpetty@example.net,2019-08-17,Melbourne,A,2019-08-17,Adam Mccoy,fpetty@example.net
Thomas Norton,amandabenson@example.com,19-Aug-2019,Melbourne,VIP,2019-08-19,Thomas Norton,amandabenson@example.com
Beth Henderson,oharris@example.org,2019-08-22,Paris,A,2019-08-22,Beth Henderson,oharris@example.org
Alexandra Smith,molly91@example.org,2019-08-23,New York,C,2019-08-23,Alexandra Smith,molly91@example.org
Barbara Sherman,shepardjoy@example.com,08/23/2019,Manchester,B,2019-08-23,Barbara Sherman,shepardjoy@example.com
jessica meadows,vmerritt@example.com,"August 25, 2019",New York,A,2019-08-25,Jessica Meadows,vmerritt@example.com
dr. kimberly henderson,dwilliams@example.net,26-Aug-2019,Munich,,2019-08-26,Dr. Kimberly Henderson,dwilliams@example.net
Jordan Bullock,michael23@example.org,26-Aug-2019,Berlin,B,2019-08-26,Jordan Bullock,michael23@example.org
Leslie Powers,david41@example.org,27-Aug-2019,Berlin,C,2019-08-27,Leslie Powers,david41@example.org
MATTHEW MOSS,brianmorrow@example.org,28-Aug-2019,Los Angeles,C,2019-08-28,Matthew Moss,brianmorrow@example.org
Walter Palmer,bensonstanley@example.org,2019-08-31,Manchester,,2019-08-31,Walter Palmer,bensonstanley@example.org
CHRIS JOHNSON,steven86@example.com,2019-08-31,New York,A,2019-08-31,Chris Johnson,steven86@example.com
Laurie Mason,nicholas72@example.net,2019-09-03,Vancouver,VIP,2019-09-03,Laurie Mason,nicholas72@example.net
SARAH RIVERA,xmoran@example.net,09/05/2019,Manchester,,2019-09-05,Sarah Rivera,xmoran@example.net
DANIEL GREEN,matthewspencer@example.org,06-Sep-2019,Vancouver,VIP,2019-09-06,Daniel Green,matthewspencer@example.org
Raymond Barber,dennismckenzie@example.com,"September 06, 2019",Berlin,,2019-09-06,Raymond Barber,dennismckenzie@example.com
Mr. William Bray,petermoore@example.com,2019-09-08,London,A,2019-09-08,Mr. William Bray,petermoore@example.com
Cory Harris,christopheranderson@example.com,2019-09-10,Manchester,A,2019-09-10,Cory Harris,christopheranderson@example.com
ALAN JOHNSON,rogersjames@example.net,11-Sep-2019,London,C,2019-09-11,Alan Johnson,rogersjames@example.net
Jennifer Bautista,nicolemoore@example.net,"September 14, 2019",Vancouver,B,2019-09-14,Jennifer Bautista,nicolemoore@example.net
Hailey Beltran,joshuabowers@example.com,2019-09-16,Los Angeles,B,2019-09-16,Hailey Beltran,joshuabowers@example.com
LYNN YANG,eroberts@example.net,2019-09-16,Singapore,,2019-09-16,Lynn Yang,eroberts@example.net
ANDREW HUNTER,carolfernandez@example.net,09/16/2019,Munich,VIP,2019-09-16,Andrew Hunter,carolfernandez@example.net
Richard Adams,campbellkenneth@example.net,09/17/2019,Munich,B,2019-09-17,Richard Adams,campbellkenneth@example.net
James Torres,nicholas97@example.org,20-Sep-2019,New York,,2019-09-20,James Torres,nicholas97@example.org
Nathan Sparks,daniellecoleman@example.org,09/21/2019,Paris,A,2019-09-21,Nathan Sparks,daniellecoleman@example.org
Jason Velazquez,jacksonjoshua@example.org,22-Sep-2019,Berlin,C,2019-09-22,Jason Velazquez,jacksonjoshua@example.org
Jessica Ross,ykline@example.com,09/22/2019,Chicago,B,2019-09-22,Jessica Ross,ykline@example.com
BLAKE SOSA,waustin@example.net,"September 23, 2019",Los Angeles,B,2019-09-23,Blake Sosa,waustin@example.net
adriana davenport,gpeterson@example.org,"September 24, 2019",Paris,,2019-09-24,Adriana Davenport,gpeterson@example.org
Claire Clark,kevin03@example.org,2019-09-25,Manchester,VIP,2019-09-25,Claire Clark,kevin03@example.org
Nathaniel Douglas,mathewaguilar@example.org,27-Sep-2019,New York,,2019-09-27,Nathaniel Douglas,mathewaguilar@example.org
Jonathan Collins,stephaniezamora@example.org,27-Sep-2019,Bangkok,B,2019-09-27,Jonathan Collins,stephaniezamora@example.org
Jason Salinas,vickiwood@example.org,03-Oct-2019,Berlin,VIP,2019-10-03,Jason Salinas,vickiwood@example.org
Jonathan Pham,cynthia74@example.org,10/07/2019,London,B,2019-10-07,Jonathan Pham,cynthia74@example.org
Sarah Wallace,fsnyder@example.org,"October 09, 2019",Paris,,2019-10-09,Sarah Wallace,fsnyder@example.org
MATTHEW MITCHELL,glennmartin@example.org,10/09/2019,,B,2019-10-09,Matthew Mitchell,glennmartin@example.org
Kimberly Irwin,sharphailey@example.net,"October 10, 2019",Mumbai,VIP,2019-10-10,Kimberly Irwin,sharphailey@example.net
Julie Wilson,delacruzbrandy@example.net,14-Oct-2019,Los Angeles,,2019-10-14,Julie Wilson,delacruzbrandy@example.net
Pamela Lewis,luke87@example.org,15-Oct-2019,Bangkok,C,2019-10-15,Pamela Lewis,luke87@example.org
timothy patterson,stonecody@example.net,2019-10-15,Chicago,A,2019-10-15,Timothy Patterson,stonecody@example.net
paul thompson,opatel@example.net,10/16/2019,Los Angeles,B,2019-10-16,Paul Thompson,opatel@example.net
dylan mills,watsonvickie@example.com,17-Oct-2019,Melbourne,,2019-10-17,Dylan Mills,watsonvickie@example.com
Kayla Fisher,brent67@example.net,17-Oct-2019,Chicago,A,2019-10-17,Kayla Fisher,brent67@example.net
thomas williams,kchaney@example.net,17-Oct-2019,Bangkok,A,2019-10-17,Thomas Williams,kchaney@example.net
Seth Barker,taylordavis@example.com,"October 17, 2019",Los Angeles,A,2019-10-17,Seth Barker,taylordavis@example.com
Tamara Brown,jeremy75@example.org,10/18/2019,London,,2019-10-18,Tamara Brown,jeremy75@example.org
Melissa Brown,marshallerik@example.net,2019-10-20,New York,C,2019-10-20,Melissa Brown,marshallerik@example.net
tricia valencia,frazierdanny@example.net,"October 20, 2019",Berlin,C,2019-10-20,Tricia Valencia,frazierdanny@example.net
Jackie Clements,brandi17@example.net,10/21/2019,Bangkok,C,2019-10-21,Jackie Clements,brandi17@example.net
Michael Morrison,lopezkathleen@example.net,10/22/2019,Paris,VIP,2019-10-22,Michael Morrison,lopezkathleen@example.net
Emily Reyes,scottbaker@example.org,22-Oct-2019,Los Angeles,A,2019-10-22,Emily Reyes,scottbaker@example.org
Paula Johnson,bconrad@example.org,2019-10-23,Toronto,A,2019-10-23,Paula Johnson,bconrad@example.org
Steven Sandoval,blairabigail@example.net,2019-10-23,Sydney,B,2019-10-23,Steven Sandoval,blairabigail@example.net
Rachel Holland,riveraangela@example.com,2019-10-24,Mumbai,,2019-10-24,Rachel Holland,riveraangela@example.com
Monica Lopez,katie43@example.net,10/25/2019,Sydney,C,2019-10-25,Monica Lopez,katie43@example.net
CURTIS KRAUSE,heidi41@example.com,"October 27, 2019",Bangkok,VIP,2019-10-27,Curtis Krause,heidi41@example.com
ANN DAWSON,ufox@example.org,"October 31, 2019",,,2019-10-31,Ann Dawson,ufox@example.org
Ashley Roach,lisa89@example.net,10/31/2019,Vancouver,,2019-10-31,Ashley Roach,lisa89@example.net
Michael Thompson,annettegutierrez@example.org,11/01/2019,Sydney,VIP,2019-11-01,Michael Thompson,annettegutierrez@example.org
LAURA JONES,ddixon@example.com,01-Nov-2019,Munich,B,2019-11-01,Laura Jones,ddixon@example.com
PAMELA WILLIAMS,ksmith@example.com,"November 02, 2019",Manchester,B,2019-11-02,Pamela Williams,ksmith@example.com
Richard King,joshua40@example.net,11/03/2019,Melbourne,A,2019-11-03,Richard King,joshua40@example.net
Ashley Cooper,fordjames@example.org,11/05/2019,Toronto,B,2019-11-05,Ashley Cooper,fordjames@example.org
Jeffery Jordan,tyler31@example.net,2019-11-05,Melbourne,VIP,2019-11-05,Jeffery Jordan,tyler31@example.net
Katherine Dunn,barnettmatthew@example.net,09-Nov-2019,Singapore,C,2019-11-09,Katherine Dunn,barnettmatthew@example.net
brett martin,lisawoods@example.net,10-Nov-2019,,C,2019-11-10,Brett Martin,lisawoods@example.net
AMANDA TAYLOR,dorothy87@example.org,11/10/2019,Manchester,C,2019-11-10,Amanda Taylor,dorothy87@example.org
Theresa Reilly,adamrodgers@example.net,11/10/2019,Toronto,B,2019-11-10,Theresa Reilly,adamrodgers@example.net
Dustin Noble,haydenroger@example.net,2019-11-12,Sydney,,2019-11-12,Dustin Noble,haydenroger@example.net
Norma Smith,michelleperez@example.net,"November 12, 2019",New York,B,2019-11-12,Norma Smith,michelleperez@example.net
Danielle Ryan,robertstimothy@example.com,14-Nov-2019,Melbourne,VIP,2019-11-14,Danielle Ryan,robertstimothy@example.com
Heather Page,imartin@example.org,11/14/2019,London,B,2019-11-14,Heather Page,imartin@example.org
Kayla Rodriguez,stevenadams@example.org,11/14/2019,Chicago,A,2019-11-14,Kayla Rodriguez,stevenadams@example.org
Kevin Farmer,lindabryan@example.org,"November 17, 2019",Paris,B,2019-11-17,Kevin Farmer,lindabryan@example.org
theresa gardner,hollyperkins@example.net,11/24/2019,Mumbai,,2019-11-24,Theresa Gardner,hollyperkins@example.net
Shawn Lozano,arobinson@example.net,26-Nov-2019,Bangkok,VIP,2019-11-26,Shawn Lozano,arobinson@example.net
deanna munoz,taylordawn@example.com,2019-11-26,Singapore,C,2019-11-26,Deanna Munoz,taylordawn@example.com
Lisa Rodriguez,webbhaley@example.net,2019-11-26,Paris,,2019-11-26,Lisa Rodriguez,webbhaley@example.net
Kathy Sandoval,umahoney@example.net,"November 26, 2019",Singapore,A,2019-11-26,Kathy Sandoval,umahoney@example.net
John Martinez,mark68@example.org,"November 27, 2019",Paris,,2019-11-27,John Martinez,mark68@example.org
Renee Mcdaniel,michaeljones@example.net,11/27/2019,Vancouver,C,2019-11-27,Renee Mcdaniel,michaeljones@example.net
Lucas Cox,karlwilliams@example.net,"November 27, 2019",Chicago,C,2019-11-27,Lucas Cox,karlwilliams@example.net
Jessica Torres,justin75@example.net,01-Dec-2019,Munich,VIP,2019-12-01,Jessica Torres,justin75@example.net
Cathy Mcdonald,mcox@example.net,12/03/2019,Vancouver,A,2019-12-03,Cathy Mcdonald,mcox@example.net
CLINTON JENSEN,james29@example.org,2019-12-04,Sydney,A,2019-12-04,Clinton Jensen,james29@example.org
kathleen davis,pwagner@example.org,"December 06, 2019",Bangkok,A,2019-12-06,Kathleen Davis,pwagner@example.org
Patricia Parker,schneiderchristopher@example.net,12/11/2019,Manchester,A,2019-12-11,Patricia Parker,schneiderchristopher@example.net
Jessica Martinez,kimberlydiaz@example.com,"December 11, 2019",Singapore,C,2019-12-11,Jessica Martinez,kimberlydiaz@example.com
william white,wilsonzachary@example.com,"December 12, 2019",Mumbai,C,2019-12-12,William White,wilsonzachary@example.com
Jenna Lyons,kristina57@example.com,"December 14, 2019",,,2019-12-14,Jenna Lyons,kristina57@example.com
Heidi Stephens,qrowland@example.org,14-Dec-2019,Vancouver,A,2019-12-14,Heidi Stephens,qrowland@example.org
Brandon Simmons,nicholas27@example.org,"December 15, 2019",Chicago,A,2019-12-15,Brandon Simmons,nicholas27@example.org
andrew armstrong,fmedina@example.com,12/15/2019,London,VIP,2019-12-15,Andrew Armstrong,fmedina@example.com
james wood,carpenterjorge@example.net,16-Dec-2019,Mumbai,C,2019-12-16,James Wood,carpenterjorge@example.net
april johnson,mclaughlinjared@example.net,16-Dec-2019,Berlin,,2019-12-16,April Johnson,mclaughlinjared@example.net
Brandon Cruz,ronaldmitchell@example.com,17-Dec-2019,Los Angeles,VIP,2019-12-17,Brandon Cruz,ronaldmitchell@example.com
Brandon Huynh,james23@example.com,2019-12-23,Bangkok,VIP,2019-12-23,Brandon Huynh,james23@example.com
catherine saunders md,nhahn@example.com,25-Dec-2019,Bangkok,C,2019-12-25,Catherine Saunders Md,nhahn@example.com
MRS. EMILY WATERS,arobinson@example.org,2019-12-27,Los Angeles,,2019-12-27,Mrs. Emily Waters,arobinson@example.org
kyle collins,aperez@example.com,29-Dec-2019,Los Angeles,B,2019-12-29,Kyle Collins,aperez@example.com
ALLISON LOPEZ,hmcintyre@example.com,12/29/2019,Los Angeles,A,2019-12-29,Allison Lopez,hmcintyre@example.com
Tamara Reid,sheltontiffany@example.com,31-Dec-2019,Melbourne,,2019-12-31,Tamara Reid,sheltontiffany@example.com
thomas curry,bryan79@example.org,2020-01-04,Berlin,A,2020-01-04,Thomas Curry,bryan79@example.org
Melissa Sullivan,jessicamills@example.org,2020-01-06,Paris,B,2020-01-06,Melissa Sullivan,jessicamills@example.org
krystal moore,grantstacy@example.org,12-Jan-2020,Chicago,VIP,2020-01-12,Krystal Moore,grantstacy@example.org
John Johnson,nicholas65@example.net,2020-01-14,New York,B,2020-01-14,John Johnson,nicholas65@example.net
JEREMY EVANS,larsonmichael@example.org,14-Jan-2020,Berlin,,2020-01-14,Jeremy Evans,larsonmichael@example.org
Patricia Bruce,janicebolton@example.net,01/16/2020,Toronto,A,2020-01-16,Patricia Bruce,janicebolton@example.net
william nichols,karmstrong@example.net,16-Jan-2020,Toronto,VIP,2020-01-16,William Nichols,karmstrong@example.net
Jeremiah Baker,anne21@example.org,"January 19, 2020",Chicago,C,2020-01-19,Jeremiah Baker,anne21@example.org
ALICIA OLSON,scannon@example.org,24-Jan-2020,Bangkok,,2020-01-24,Alicia Olson,scannon@example.org
ERIKA GARCIA,ykane@example.org,"January 24, 2020",Berlin,A,2020-01-24,Erika Garcia,ykane@example.org
Susan Black,haleylove@example.org,2020-01-27,Mumbai,C,2020-01-27,Susan Black,haleylove@example.org
Brian Soto,williamstanya@example.net,"January 29, 2020",Melbourne,B,2020-01-29,Brian Soto,williamstanya@example.net
ANNA GAY,murraydavid@example.org,2020-01-30,Melbourne,A,2020-01-30,Anna Gay,murraydavid@example.org
Michael Farmer,carlsonjason@example.net,01/30/2020,Manchester,B,2020-01-30,Michael Farmer,carlsonjason@example.net
Kevin Blake,deborahturner@example.org,01/31/2020,Los Angeles,,2020-01-31,Kevin Blake,deborahturner@example.org
JEFFERY ADAMS,kwatkins@example.net,2020-01-31,Toronto,C,2020-01-31,Jeffery Adams,kwatkins@example.net
SHERYL THOMPSON,lisawallace@example.net,01-Feb-2020,Los Angeles,VIP,2020-02-01,Sheryl Thompson,lisawallace@example.net
Kelly Combs,landryelizabeth@example.org,2020-02-03,Munich,C,2020-02-03,Kelly Combs,landryelizabeth@example.org
Dr. Dustin Sutton Jr.,lopezchristopher@example.net,02/07/2020,Melbourne,B,2020-02-07,Dr. Dustin Sutton Jr.,lopezchristopher@example.net
Tanya Goodwin,transtephanie@example.net,02/10/2020,Chicago,C,2020-02-10,Tanya Goodwin,transtephanie@example.net
Jonathan Moreno,tranryan@example.net,2020-02-10,Chicago,C,2020-02-10,Jonathan Moreno,tranryan@example.net
CHRISTIE FOX,james18@example.com,10-Feb-2020,Munich,VIP,2020-02-10,Christie Fox,james18@example.com
Brad Allen,moorericky@example.net,02/11/2020,Melbourne,C,2020-02-11,Brad Allen,moorericky@example.net
RICHARD KELLY,champton@example.org,11-Feb-2020,Berlin,,2020-02-11,Richard Kelly,champton@example.org
John Boone,megan51@example.com,"February 12, 2020",Vancouver,VIP,2020-02-12,John Boone,megan51@example.com
Tina Williams,alyssa18@example.org,"February 12, 2020",Chicago,A,2020-02-12,Tina Williams,alyssa18@example.org
William Smith,qnelson@example.net,12-Feb-2020,Manchester,A,2020-02-12,William Smith,qnelson@example.net
KENNETH DOMINGUEZ,vhoward@example.org,"February 12, 2020",Chicago,B,2020-02-12,Kenneth Dominguez,vhoward@example.org
William Becker,andersoncolin@example.com,"February 13, 2020",Mumbai,,2020-02-13,William Becker,andersoncolin@example.com
Leslie Moody,gcastro@example.org,2020-02-13,Chicago,A,2020-02-13,Leslie Moody,gcastro@example.org
Kayla Williams,shafferjill@example.com,2020-02-13,New York,B,2020-02-13,Kayla Williams,shafferjill@example.com
David Robinson,sarah53@example.org,02/13/2020,Toronto,C,2020-02-13,David Robinson,sarah53@example.org
Ernest Oconnell,kelly79@example.org,13-Feb-2020,Sydney,VIP,2020-02-13,Ernest Oconnell,kelly79@example.org
JENNIFER JONES,hernandezlisa@example.com,02/13/2020,Toronto,,2020-02-13,Jennifer Jones,hernandezlisa@example.com
Matthew Steele,arianadiaz@example.com,02/13/2020,Berlin,,2020-02-13,Matthew Steele,arianadiaz@example.com
Keith Choi,jamesbass@example.net,"February 19, 2020",New York,C,2020-02-19,Keith Choi,jamesbass@example.net
ERIKA WATSON PHD,umckenzie@example.net,"February 22, 2020",Vancouver,VIP,2020-02-22,Erika Watson Phd,umckenzie@example.net
michelle sanders,evansanne@example.net,02/22/2020,Melbourne,VIP,2020-02-22,Michelle Sanders,evansanne@example.net
Shane Moore,charles93@example.net,23-Feb-2020,Bangkok,B,2020-02-23,Shane Moore,charles93@example.net
Mrs. Maria Williams,hritter@example.net,2020-02-25,Paris,B,2020-02-25,Mrs. Maria Williams,hritter@example.net
Andrea Townsend,tammy17@example.com,2020-02-29,Manchester,A,2020-02-29,Andrea Townsend,tammy17@example.com
brett walker,seanmyers@example.net,"March 05, 2020",Singapore,A,2020-03-05,Brett Walker,seanmyers@example.net
SUSAN SMITH,sanchezangela@example.org,05-Mar-2020,Vancouver,B,2020-03-05,Susan Smith,sanchezangela@example.org
Sydney Bennett,pattonbryan@example.com,"March 05, 2020",Melbourne,,2020-03-05,Sydney Bennett,pattonbryan@example.com
ERIC KNOX,georgemaldonado@example.org,03/05/2020,Manchester,,2020-03-05,Eric Knox,georgemaldonado@example.org
Rebecca Ramsey,ncalhoun@example.net,06-Mar-2020,Vancouver,,2020-03-06,Rebecca Ramsey,ncalhoun@example.net
RITA FORBES,russomary@example.com,2020-03-07,Melbourne,A,2020-03-07,Rita Forbes,russomary@example.com
JOSE HARRISON,robert44@example.org,2020-03-07,Manchester,B,2020-03-07,Jose Harrison,robert44@example.org
Amanda Mckenzie,troy73@example.org,03/09/2020,Munich,A,2020-03-09,Amanda Mckenzie,troy73@example.org
Mr. Bryan Mckinney,shannon51@example.org,14-Mar-2020,Munich,C,2020-03-14,Mr. Bryan Mckinney,shannon51@example.org
Mary Rogers,lrosales@example.com,"March 14, 2020",Melbourne,B,2020-03-14,Mary Rogers,lrosales@example.com
Fernando Lynn,petersonpamela@example.org,2020-03-15,Melbourne,C,2020-03-15,Fernando Lynn,petersonpamela@example.org
KEVIN WERNER,rodriguezchristina@example.net,19-Mar-2020,Singapore,C,2020-03-19,Kevin Werner,rodriguezchristina@example.net
MICHAEL BURKE,zjackson@example.org,2020-03-19,Toronto,A,2020-03-19,Michael Burke,zjackson@example.org
Jeremy Turner,brittany58@example.org,20-Mar-2020,London,A,2020-03-20,Jeremy Turner,brittany58@example.org
KEITH VILLANUEVA,george43@example.com,"March 21, 2020",Bangkok,,2020-03-21,Keith Villanueva,george43@example.com
Alexander Collins,tsanders@example.org,"March 24, 2020",Manchester,B,2020-03-24,Alexander Collins,tsanders@example.org
Lori Johns,raymondstacy@example.org,"March 26, 2020",Munich,B,2020-03-26,Lori Johns,raymondstacy@example.org
RICHARD SIMMONS,oconnelldavid@example.org,26-Mar-2020,Chicago,A,2020-03-26,Richard Simmons,oconnelldavid@example.org
ABIGAIL SHAFFER,jpeterson@example.org,27-Mar-2020,Manchester,C,2020-03-27,Abigail Shaffer,jpeterson@example.org
stacey stewart,zachary87@example.com,03/27/2020,New York,A,2020-03-27,Stacey Stewart,zachary87@example.com
Charlotte Sandoval,njohnson@example.org,"March 28, 2020",Paris,VIP,2020-03-28,Charlotte Sandoval,njohnson@example.org
joseph mendoza,chavezjohn@example.net,28-Mar-2020,London,B,2020-03-28,Joseph Mendoza,chavezjohn@example.net
ROBERT CRUZ,jacobjacobs@example.net,30-Mar-2020,Manchester,C,2020-03-30,Robert Cruz,jacobjacobs@example.net
julian leon,vdeleon@example.com,2020-04-01,Bangkok,VIP,2020-04-01,Julian Leon,vdeleon@example.com
James Jefferson,zbanks@example.org,2020-04-02,Chicago,A,2020-04-02,James Jefferson,zbanks@example.org
Lisa Flynn,lee16@example.com,"April 03, 2020",Mumbai,C,2020-04-03,Lisa Flynn,lee16@example.com
Melissa Carroll,nunezgary@example.net,04/04/2020,Berlin,,2020-04-04,Melissa Carroll,nunezgary@example.net
Melissa Mendoza,robinsonjesse@example.org,2020-04-04,Bangkok,B,2020-04-04,Melissa Mendoza,robinsonjesse@example.org
John Peterson,kingmichelle@example.org,04/04/2020,London,VIP,2020-04-04,John Peterson,kingmichelle@example.org
GREGORY MARTIN,joshua73@example.org,2020-04-05,Singapore,,2020-04-05,Gregory Martin,joshua73@example.org
sarah roberts,kevinmendez@example.org,04/09/2020,Toronto,,2020-04-09,Sarah Roberts,kevinmendez@example.org
CRAIG HURST,swilson@example.com,16-Apr-2020,Paris,C,2020-04-16,Craig Hurst,swilson@example.com
kevin gilmore,yvang@example.org,19-Apr-2020,Mumbai,C,2020-04-19,Kevin Gilmore,yvang@example.org
stacey snyder,ybell@example.org,"April 19, 2020",Berlin,C,2020-04-19,Stacey Snyder,ybell@example.org
Lisa Williams,sydney77@example.com,04/20/2020,Los Angeles,,2020-04-20,Lisa Williams,sydney77@example.com
Robert West,brandon94@example.org,21-Apr-2020,London,C,2020-04-21,Robert West,brandon94@example.org
KIM JENSEN,kingjoseph@example.com,04/21/2020,Singapore,,2020-04-21,Kim Jensen,kingjoseph@example.com
Ashlee Jackson,rebecca05@example.org,04/23/2020,Sydney,A,2020-04-23,Ashlee Jackson,rebecca05@example.org
Sherry Adams,georgeharris@example.net,23-Apr-2020,Berlin,A,2020-04-23,Sherry Adams,georgeharris@example.net
Rachel Martinez,tammymerritt@example.org,2020-04-25,Bangkok,C,2020-04-25,Rachel Martinez,tammymerritt@example.org
Derrick King,martinezashley@example.com,04/25/2020,Paris,C,2020-04-25,Derrick King,martinezashley@example.com
CHELSEA AUSTIN,leahbarker@example.org,04/27/2020,Sydney,,2020-04-27,Chelsea Austin,leahbarker@example.org
Jillian Wilson,bmcgee@example.org,04/29/2020,Chicago,C,2020-04-29,Jillian Wilson,bmcgee@example.org
Timothy Ryan,cainjordan@example.org,"April 30, 2020",Singapore,C,2020-04-30,Timothy Ryan,cainjordan@example.org
TAMMY ALLISON,richardolson@example.com,"May 02, 2020",Munich,C,2020-05-02,Tammy Allison,richardolson@example.com
jeffrey garza,bentongeorge@example.net,05/03/2020,Vancouver,VIP,2020-05-03,Jeffrey Garza,bentongeorge@example.net
MATTHEW GREENE,collinclark@example.net,03-May-2020,Los Angeles,,2020-05-03,Matthew Greene,collinclark@example.net
Randall Wright,tspencer@example.com,"May 05, 2020",New York,A,2020-05-05,Randall Wright,tspencer@example.com
Joseph Rose,deanna17@example.org,"May 06, 2020",Berlin,VIP,2020-05-06,Joseph Rose,deanna17@example.org
DAVID SANCHEZ,jerry51@example.net,05/08/2020,Munich,A,2020-05-08,David Sanchez,jerry51@example.net
Melody Baker,rmorgan@example.net,"May 09, 2020",Paris,VIP,2020-05-09,Melody Baker,rmorgan@example.net
Leslie Bennett,ortizrobin@example.com,2020-05-12,New York,A,2020-05-12,Leslie Bennett,ortizrobin@example.com
David Medina,qchavez@example.net,05/14/2020,Berlin,VIP,2020-05-14,David Medina,qchavez@example.net
Christine Aguilar,baileychristopher@example.com,2020-05-14,Bangkok,C,2020-05-14,Christine Aguilar,baileychristopher@example.com
TAYLOR MULLINS,anthonydavis@example.net,2020-05-14,Toronto,B,2020-05-14,Taylor Mullins,anthonydavis@example.net
Mr. William Davis DDS,carolberry@example.com,15-May-2020,New York,,2020-05-15,Mr. William Davis Dds,carolberry@example.com
Mrs. Marie Harrington DDS,herringjames@example.org,05/16/2020,New York,VIP,2020-05-16,Mrs. Marie Harrington Dds,herringjames@example.org
mark munoz,lisawalker@example.com,05/17/2020,New York,,2020-05-17,Mark Munoz,lisawalker@example.com
Matthew Diaz,woodskaitlyn@example.net,17-May-2020,Mumbai,VIP,2020-05-17,Matthew Diaz,woodskaitlyn@example.net
William Morgan,bmartinez@example.net,2020-05-18,Bangkok,C,2020-05-18,William Morgan,bmartinez@example.net
John Woodard,devon88@example.org,19-May-2020,Paris,A,2020-05-19,John Woodard,devon88@example.org
Michael Hoffman,jonesnicole@example.org,19-May-2020,Paris,A,2020-05-19,Michael Hoffman,jonesnicole@example.org
MRS. SHANNON JACOBSON,xcrosby@example.org,"May 20, 2020",Bangkok,C,2020-05-20,Mrs. Shannon Jacobson,xcrosby@example.org
Ethan Garza,pbaker@example.org,24-May-2020,Manchester,C,2020-05-24,Ethan Garza,pbaker@example.org
Tara Jones,andrew88@example.com,"May 24, 2020",Toronto,A,2020-05-24,Tara Jones,andrew88@example.com
stephanie walls,abrown@example.net,24-May-2020,Mumbai,A,2020-05-24,Stephanie Walls,abrown@example.net
Grant Lucas,todd88@example.com,26-May-2020,Paris,A,2020-05-26,Grant Lucas,todd88@example.com
LESLIE NGUYEN,julievillanueva@example.org,"May 28, 2020",Chicago,VIP,2020-05-28,Leslie Nguyen,julievillanueva@example.org
Julian Ponce,kentprice@example.org,"May 28, 2020",Manchester,B,2020-05-28,Julian Ponce,kentprice@example.org
PHILLIP LEWIS,roberthamilton@example.net,2020-05-30,New York,C,2020-05-30,Phillip Lewis,roberthamilton@example.net
Christine Parker,kelly15@example.com,05/31/2020,Paris,A,2020-05-31,Christine Parker,kelly15@example.com
Christian Hernandez,audrey81@example.com,"May 31, 2020",Vancouver,C,2020-05-31,Christian Hernandez,audrey81@example.com
Diana Haley,hphillips@example.com,"June 02, 2020",Munich,A,2020-06-02,Diana Haley,hphillips@example.com
Jennifer Reed,kellyroberts@example.net,06/03/2020,London,VIP,2020-06-03,Jennifer Reed,kellyroberts@example.net
Amanda Miller,brianrowe@example.org,"June 05, 2020",Mumbai,B,2020-06-05,Amanda Miller,brianrowe@example.org
ROBIN TORRES,mezarichard@example.com,2020-06-06,Manchester,A,2020-06-06,Robin Torres,mezarichard@example.com
Toni Clay,jarvisrachel@example.net,"June 06, 2020",Chicago,,2020-06-06,Toni Clay,jarvisrachel@example.net
Jamie Gallagher,rossjohn@example.net,2020-06-06,Vancouver,VIP,2020-06-06,Jamie Gallagher,rossjohn@example.net
David Davidson,angela18@example.org,2020-06-06,Sydney,B,2020-06-06,David Davidson,angela18@example.org
Mercedes Jones,robertsgina@example.net,09-Jun-2020,London,A,2020-06-09,Mercedes Jones,robertsgina@example.net
jordan powell,greenrichard@example.org,"June 13, 2020",Melbourne,C,2020-06-13,Jordan Powell,greenrichard@example.org
Olivia Rodriguez,stephen39@example.com,06/14/2020,Melbourne,C,2020-06-14,Olivia Rodriguez,stephen39@example.com
Mr. Thomas Thompson,jessicaanderson@example.com,2020-06-14,Paris,A,2020-06-14,Mr. Thomas Thompson,jessicaanderson@example.com
CINDY THOMAS,danielsshaun@example.net,"June 14, 2020",Munich,C,2020-06-14,Cindy Thomas,danielsshaun@example.net
briana wiggins,jamiejohnson@example.com,"June 19, 2020",Vancouver,C,2020-06-19,Briana Wiggins,jamiejohnson@example.com
SHANNON WALLACE,shelly84@example.net,2020-06-19,Chicago,A,2020-06-19,Shannon Wallace,shelly84@example.net
Joshua Smith,davidsellers@example.com,22-Jun-2020,Sydney,A,2020-06-22,Joshua Smith,davidsellers@example.com
Tracy Wang,robinsonnicholas@example.org,"June 23, 2020",Mumbai,VIP,2020-06-23,Tracy Wang,robinsonnicholas@example.org
David Manning,clarkrandy@example.org,2020-06-24,Vancouver,,2020-06-24,David Manning,clarkrandy@example.org
DAVID ROBINSON,sandra72@example.com,25-Jun-2020,Sydney,C,2020-06-25,David Robinson,sandra72@example.com
Jennifer Goodwin,harrellkimberly@example.org,06/25/2020,Los Angeles,A,2020-06-25,Jennifer Goodwin,harrellkimberly@example.org
ROBERT JACKSON,iwhite@example.net,06/25/2020,Bangkok,,2020-06-25,Robert Jackson,iwhite@example.net
Emily Douglas,tanderson@example.org,"June 27, 2020",Chicago,C,2020-06-27,Emily Douglas,tanderson@example.org
Mark Anderson,anthonyalvarado@example.com,"July 03, 2020",Paris,C,2020-07-03,Mark Anderson,anthonyalvarado@example.com
Sean Stevens,smallgina@example.com,"July 04, 2020",London,B,2020-07-04,Sean Stevens,smallgina@example.com
MICHELE HAWKINS,millertristan@example.com,"July 06, 2020",Bangkok,C,2020-07-06,Michele Hawkins,millertristan@example.com
yolanda jackson,craigmartin@example.net,10-Jul-2020,Melbourne,B,2020-07-10,Yolanda Jackson,craigmartin@example.net
George Le,zwilson@example.net,"July 11, 2020",,VIP,2020-07-11,George Le,zwilson@example.net
Shannon Thompson,scott04@example.com,07/14/2020,Bangkok,VIP,2020-07-14,Shannon Thompson,scott04@example.com
Roy Fowler,lshannon@example.net,18-Jul-2020,Melbourne,,2020-07-18,Roy Fowler,lshannon@example.net
Miss Kimberly Holloway,susanharper@example.org,07/20/2020,Los Angeles,A,2020-07-20,Miss Kimberly Holloway,susanharper@example.org
Ryan Garcia,marydean@example.com,2020-07-22,Munich,VIP,2020-07-22,Ryan Garcia,marydean@example.com
karen green,zwhite@example.net,"July 22, 2020",Bangkok,A,2020-07-22,Karen Green,zwhite@example.net
Danielle Bryant,janet45@example.com,23-Jul-2020,Melbourne,VIP,2020-07-23,Danielle Bryant,janet45@example.com
tyler dunn,jameslawson@example.com,2020-07-25,New York,C,2020-07-25,Tyler Dunn,jameslawson@example.com
Stephanie Meyer,hufftina@example.org,07/26/2020,Melbourne,C,2020-07-26,Stephanie Meyer,hufftina@example.org
shelby lopez,christianhendrix@example.com,"July 26, 2020",Singapore,VIP,2020-07-26,Shelby Lopez,christianhendrix@example.com
natasha hill,lpreston@example.net,30-Jul-2020,Berlin,VIP,2020-07-30,Natasha Hill,lpreston@example.net
MR. JAMES BARNETT,petersonkyle@example.org,07/31/2020,Toronto,C,2020-07-31,Mr. James Barnett,petersonkyle@example.org
Meghan Anthony,sheila14@example.org,"July 31, 2020",Vancouver,A,2020-07-31,Meghan Anthony,sheila14@example.org
Joseph Graham,sara76@example.net,08/05/2020,Singapore,,2020-08-05,Joseph Graham,sara76@example.net
KRISTEN SMITH,john91@example.org,08/07/2020,Sydney,A,2020-08-07,Kristen Smith,john91@example.org
JOSHUA GUERRERO,qcurtis@example.com,12-Aug-2020,Munich,C,2020-08-12,Joshua Guerrero,qcurtis@example.com
PHILLIP ANDERSON,clewis@example.com,"August 12, 2020",Paris,A,2020-08-12,Phillip Anderson,clewis@example.com
RICHARD SMITH,gibsonemily@example.net,08/12/2020,Bangkok,A,2020-08-12,Richard Smith,gibsonemily@example.net
John Martin,jessica82@example.com,08/13/2020,Chicago,A,2020-08-13,John Martin,jessica82@example.com
sean carter,dudleycody@example.com,"August 19, 2020",Singapore,VIP,2020-08-19,Sean Carter,dudleycody@example.com
TRACEY NELSON,iwalker@example.org,"August 19, 2020",Melbourne,VIP,2020-08-19,Tracey Nelson,iwalker@example.org
James Wells,ashley74@example.org,2020-08-20,Vancouver,C,2020-08-20,James Wells,ashley74@example.org
Vanessa Moore,mwoods@example.com,23-Aug-2020,New York,B,2020-08-23,Vanessa Moore,mwoods@example.com
Misty Mcguire,tracynolan@example.net,2020-08-25,Toronto,VIP,2020-08-25,Misty Mcguire,tracynolan@example.net
Meredith Black,rtaylor@example.net,"August 25, 2020",Chicago,,2020-08-25,Meredith Black,rtaylor@example.net
james ellis,crystalcantrell@example.org,28-Aug-2020,,C,2020-08-28,James Ellis,crystalcantrell@example.org
Renee Bruce,lynchdiane@example.net,28-Aug-2020,Paris,C,2020-08-28,Renee Bruce,lynchdiane@example.net
thomas zhang,middletonelizabeth@example.org,2020-09-04,Manchester,A,2020-09-04,Thomas Zhang,middletonelizabeth@example.org
Shane Kennedy,fuentesashley@example.com,05-Sep-2020,Munich,B,2020-09-05,Shane Kennedy,fuentesashley@example.com
William Patterson,nicoleturner@example.com,09/07/2020,Toronto,C,2020-09-07,William Patterson,nicoleturner@example.com
doris hall,jacqueline71@example.net,09/09/2020,Singapore,A,2020-09-09,Doris Hall,jacqueline71@example.net
Mike Maxwell,lcook@example.com,09-Sep-2020,Bangkok,VIP,2020-09-09,Mike Maxwell,lcook@example.com
ERIC MORGAN,kimberly18@example.net,10-Sep-2020,Melbourne,C,2020-09-10,Eric Morgan,kimberly18@example.net
MAURICE ANDERSON,johnmarquez@example.net,"September 12, 2020",Sydney,A,2020-09-12,Maurice Anderson,johnmarquez@example.net
tyler brown,joysanders@example.net,13-Sep-2020,Berlin,A,2020-09-13,Tyler Brown,joysanders@example.net
MEGAN RIVERA,ithomas@example.net,17-Sep-2020,Melbourne,C,2020-09-17,Megan Rivera,ithomas@example.net
Connie Stevens,patricialowery@example.com,09/18/2020,Melbourne,,2020-09-18,Connie Stevens,patricialowery@example.com
Lisa Spencer,hollandjustin@example.com,18-Sep-2020,Mumbai,VIP,2020-09-18,Lisa Spencer,hollandjustin@example.com
Brandy Holmes,laurenallen@example.org,21-Sep-2020,Toronto,A,2020-09-21,Brandy Holmes,laurenallen@example.org
Wendy Smith,antoniocarter@example.com,"September 21, 2020",Vancouver,,2020-09-21,Wendy Smith,antoniocarter@example.com
Tracy Copeland,pbautista@example.com,09/21/2020,Vancouver,A,2020-09-21,Tracy Copeland,pbautista@example.com
gary myers,robertsonshelby@example.com,"September 22, 2020",Berlin,C,2020-09-22,Gary Myers,robertsonshelby@example.com
HEATHER LEVINE,bryan90@example.org,22-Sep-2020,Manchester,C,2020-09-22,Heather Levine,bryan90@example.org
Bryce Blair,sylvia52@example.org,09/23/2020,London,C,2020-09-23,Bryce Blair,sylvia52@example.org
Lee Daniel,santosmichael@example.com,25-Sep-2020,Bangkok,B,2020-09-25,Lee Daniel,santosmichael@example.com
wayne porter,stevenhernandez@example.com,26-Sep-2020,Toronto,A,2020-09-26,Wayne Porter,stevenhernandez@example.com
Jane King,david38@example.net,"September 26, 2020",New York,B,2020-09-26,Jane King,david38@example.net
Katherine Christensen MD,osmith@example.net,2020-09-26,Los Angeles,C,2020-09-26,Katherine Christensen Md,osmith@example.net
CATHERINE KIRK,pvang@example.net,28-Sep-2020,Sydney,A,2020-09-28,Catherine Kirk,pvang@example.net
kelly hodges,michellewilson@example.org,"September 30, 2020",Chicago,,2020-09-30,Kelly Hodges,michellewilson@example.org
Elizabeth Ward,zowens@example.net,10/02/2020,Melbourne,,2020-10-02,Elizabeth Ward,zowens@example.net
Michael Powers,qkim@example.net,10/02/2020,Melbourne,,2020-10-02,Michael Powers,qkim@example.net
austin rowland,jacqueline31@example.net,2020-10-02,Singapore,C,2020-10-02,Austin Rowland,jacqueline31@example.net
Anthony Shah,westes@example.org,10/03/2020,Chicago,B,2020-10-03,Anthony Shah,westes@example.org
Sharon King,zamorarose@example.net,2020-10-04,Melbourne,A,2020-10-04,Sharon King,zamorarose@example.net
Benjamin Thompson,zosborn@example.net,2020-10-09,Sydney,B,2020-10-09,Benjamin Thompson,zosborn@example.net
austin jones,mccannkimberly@example.net,10-Oct-2020,Mumbai,VIP,2020-10-10,Austin Jones,mccannkimberly@example.net
STEPHANIE WILLIAMS,gregorysmith@example.net,12-Oct-2020,Paris,A,2020-10-12,Stephanie Williams,gregorysmith@example.net
William Jones,jillwilson@example.org,13-Oct-2020,Paris,B,2020-10-13,William Jones,jillwilson@example.org
Sonya Wilcox,miranda13@example.org,15-Oct-2020,Manchester,A,2020-10-15,Sonya Wilcox,miranda13@example.org
Jason Hayes,powellkara@example.net,10/15/2020,Paris,C,2020-10-15,Jason Hayes,powellkara@example.net
Patricia Becker,courtneyberger@example.net,10/19/2020,London,C,2020-10-19,Patricia Becker,courtneyberger@example.net
Sandy Bennett,jenniferwalls@example.com,10/20/2020,Mumbai,B,2020-10-20,Sandy Bennett,jenniferwalls@example.com
miss brianna brown,james80@example.com,10/20/2020,Munich,VIP,2020-10-20,Miss Brianna Brown,james80@example.com
DAVID DAVIS,keyemily@example.com,"October 22, 2020",Vancouver,,2020-10-22,David Davis,keyemily@example.com
Casey Anderson,alyssa42@example.com,2020-10-24,Vancouver,A,2020-10-24,Casey Anderson,alyssa42@example.com
william gould,kylemartinez@example.net,10/25/2020,Vancouver,VIP,2020-10-25,William Gould,kylemartinez@example.net
CARL HUNTER,psmith@example.net,2020-10-26,London,B,2020-10-26,Carl Hunter,psmith@example.net
Angela Bradley,ibates@example.org,10/30/2020,Singapore,A,2020-10-30,Angela Bradley,ibates@example.org
Nathan Kirk,tlewis@example.com,31-Oct-2020,Singapore,,2020-10-31,Nathan Kirk,tlewis@example.com
Carmen Perez,tracy55@example.net,"October 31, 2020",Los Angeles,C,2020-10-31,Carmen Perez,tracy55@example.net
Laura Ramos,jcarter@example.org,11/01/2020,Mumbai,C,2020-11-01,Laura Ramos,jcarter@example.org
Anita Richard,ryanmorales@example.org,2020-11-02,Munich,,2020-11-02,Anita Richard,ryanmorales@example.org
Allison Hubbard,nicolehenry@example.net,"November 07, 2020",Manchester,C,2020-11-07,Allison Hubbard,nicolehenry@example.net
Michael Martinez,jennifercollins@example.org,11/08/2020,Munich,A,2020-11-08,Michael Martinez,jennifercollins@example.org
STANLEY TAYLOR,gregory07@example.net,2020-11-08,Berlin,VIP,2020-11-08,Stanley Taylor,gregory07@example.net
Laura Benson,xhart@example.org,2020-11-09,Bangkok,C,2020-11-09,Laura Benson,xhart@example.org
Travis Vega,victorgonzalez@example.net,12-Nov-2020,Berlin,VIP,2020-11-12,Travis Vega,victorgonzalez@example.net
JOSEPH GRAVES,jeffreysimmons@example.org,14-Nov-2020,New York,VIP,2020-11-14,Joseph Graves,jeffreysimmons@example.org
Larry Carter,holmesdiane@example.org,11/18/2020,Sydney,,2020-11-18,Larry Carter,holmesdiane@example.org
Anthony Nash,mercedesholland@example.net,2020-11-18,Vancouver,A,2020-11-18,Anthony Nash,mercedesholland@example.net
Dillon Case,victor60@example.net,11/20/2020,London,B,2020-11-20,Dillon Case,victor60@example.net
Jennifer Nelson,adamarmstrong@example.net,11/22/2020,Los Angeles,C,2020-11-22,Jennifer Nelson,adamarmstrong@example.net
PATRICK SWANSON,robertbrewer@example.net,2020-11-23,Los Angeles,VIP,2020-11-23,Patrick Swanson,robertbrewer@example.net
Connor West,dwhite@example.org,11/23/2020,Los Angeles,C,2020-11-23,Connor West,dwhite@example.org
MISS MEGAN COMPTON,martinreid@example.net,"November 24, 2020",Toronto,A,2020-11-24,Miss Megan Compton,martinreid@example.net
Sherry Gibbs,ugordon@example.net,"November 27, 2020",Vancouver,A,2020-11-27,Sherry Gibbs,ugordon@example.net
Beverly Black,troybrady@example.net,27-Nov-2020,Melbourne,VIP,2020-11-27,Beverly Black,troybrady@example.net
kimberly gibson,molly39@example.com,11/28/2020,Berlin,C,2020-11-28,Kimberly Gibson,molly39@example.com
JOSHUA DAVIS,nicolealvarado@example.com,"November 28, 2020",Chicago,A,2020-11-28,Joshua Davis,nicolealvarado@example.com
Kyle Gross,lopezrebecca@example.net,2020-11-28,Berlin,A,2020-11-28,Kyle Gross,lopezrebecca@example.net
Dustin Bell,fsawyer@example.org,06-Dec-2020,London,C,2020-12-06,Dustin Bell,fsawyer@example.org
angel holland,shawn60@example.com,13-Dec-2020,Toronto,B,2020-12-13,Angel Holland,shawn60@example.com
patricia bradley,carriemccall@example.net,2020-12-14,Chicago,,2020-12-14,Patricia Bradley,carriemccall@example.net
DIANE MANNING,nicholasmedina@example.com,14-Dec-2020,Vancouver,A,2020-12-14,Diane Manning,nicholasmedina@example.com
Patricia Alvarado,nzhang@example.net,12/14/2020,Los Angeles,A,2020-12-14,Patricia Alvarado,nzhang@example.net
amanda hernandez,xrush@example.com,"December 16, 2020",Singapore,,2020-12-16,Amanda Hernandez,xrush@example.com
cynthia kennedy,marcuscarter@example.org,"December 16, 2020",Bangkok,VIP,2020-12-16,Cynthia Kennedy,marcuscarter@example.org
james turner,noahthornton@example.com,2020-12-20,Los Angeles,VIP,2020-12-20,James Turner,noahthornton@example.com
Denise Wolfe,cody95@example.org,21-Dec-2020,Sydney,,2020-12-21,Denise Wolfe,cody95@example.org
JULIE TAYLOR,aaron48@example.net,22-Dec-2020,Munich,A,2020-12-22,Julie Taylor,aaron48@example.net
KATHERINE WELLS,johnsonanthony@example.net,25-Dec-2020,Chicago,A,2020-12-25,Katherine Wells,johnsonanthony@example.net
PAUL CANNON,ejenkins@example.net,25-Dec-2020,Paris,,2020-12-25,Paul Cannon,ejenkins@example.net
kathleen jimenez,laurie61@example.com,26-Dec-2020,Singapore,B,2020-12-26,Kathleen Jimenez,laurie61@example.com
Kevin Jennings,jreyes@example.net,2020-12-27,Los Angeles,B,2020-12-27,Kevin Jennings,jreyes@example.net
Heather Thomas,sylviaprice@example.com,"December 27, 2020",Bangkok,B,2020-12-27,Heather Thomas,sylviaprice@example.com
Kayla Jones,ychristensen@example.net,01-Jan-2021,Vancouver,,2021-01-01,Kayla Jones,ychristensen@example.net
Scott Pacheco,collinsterrance@example.com,2021-01-03,Singapore,C,2021-01-03,Scott Pacheco,collinsterrance@example.com
JOSEPH BRIGHT,mhoffman@example.net,"January 03, 2021",Singapore,A,2021-01-03,Joseph Bright,mhoffman@example.net
RICARDO FRANKLIN,zcortez@example.net,04-Jan-2021,Berlin,VIP,2021-01-04,Ricardo Franklin,zcortez@example.net
Shawn Kelley,wisealexandria@example.org,2021-01-07,Vancouver,VIP,2021-01-07,Shawn Kelley,wisealexandria@example.org
Jorge Sharp,tylermcintosh@example.org,2021-01-07,Singapore,VIP,2021-01-07,Jorge Sharp,tylermcintosh@example.org
MARK CLARK,brian41@example.org,"January 07, 2021",London,VIP,2021-01-07,Mark Clark,brian41@example.org
Michael Wilson,brucefrancisco@example.org,01/07/2021,Sydney,VIP,2021-01-07,Michael Wilson,brucefrancisco@example.org
Patricia Anderson,timothygonzalez@example.com,01/08/2021,London,C,2021-01-08,Patricia Anderson,timothygonzalez@example.com
John Lopez,gonzaleschristina@example.net,08-Jan-2021,London,VIP,2021-01-08,John Lopez,gonzaleschristina@example.net
matthew briggs,proman@example.com,"January 11, 2021",London,,2021-01-11,Matthew Briggs,proman@example.com
crystal robinson,zimmermanbrian@example.org,01/13/2021,Bangkok,,2021-01-13,Crystal Robinson,zimmermanbrian@example.org
Kelly King,james03@example.org,2021-01-14,London,A,2021-01-14,Kelly King,james03@example.org
Abigail Clayton,smithmarcus@example.org,"January 15, 2021",Mumbai,B,2021-01-15,Abigail Clayton,smithmarcus@example.org
james ellis,barrettjoshua@example.net,22-Jan-2021,Sydney,B,2021-01-22,James Ellis,barrettjoshua@example.net
Shannon Malone,sullivannicholas@example.com,24-Jan-2021,New York,C,2021-01-24,Shannon Malone,sullivannicholas@example.com
Juan Phillips,zgraham@example.org,"January 25, 2021",Vancouver,B,2021-01-25,Juan Phillips,zgraham@example.org
stacey cook,debbie78@example.net,26-Jan-2021,New York,,2021-01-26,Stacey Cook,debbie78@example.net
Sharon Cochran,erik16@example.org,26-Jan-2021,Toronto,A,2021-01-26,Sharon Cochran,erik16@example.org
sabrina lopez,srobles@example.org,02-Feb-2021,,B,2021-02-02,Sabrina Lopez,srobles@example.org
gilbert williams,lhicks@example.com,"February 03, 2021",Sydney,C,2021-02-03,Gilbert Williams,lhicks@example.com
Lori Perez,ashleysimmons@example.com,2021-02-03,Sydney,B,2021-02-03,Lori Perez,ashleysimmons@example.com
Courtney Arias,amberfriedman@example.com,02/04/2021,London,A,2021-02-04,Courtney Arias,amberfriedman@example.com
JENNIFER MOORE,christyscott@example.com,02/04/2021,Berlin,B,2021-02-04,Jennifer Moore,christyscott@example.com
Ronald Patel,thomas05@example.com,"February 04, 2021",Munich,VIP,2021-02-04,Ronald Patel,thomas05@example.com
Michael Griffin,susanfleming@example.com,"February 04, 2021",Los Angeles,VIP,2021-02-04,Michael Griffin,susanfleming@example.com
cindy hayes,robertwilcox@example.com,02/06/2021,London,C,2021-02-06,Cindy Hayes,robertwilcox@example.com
Brendan Meyer,watkinsthomas@example.net,"February 07, 2021",Toronto,VIP,2021-02-07,Brendan Meyer,watkinsthomas@example.net
Fernando Smith,jason95@example.org,"February 08, 2021",Melbourne,A,2021-02-08,Fernando Smith,jason95@example.org
Christina Henry,jeremiah26@example.net,08-Feb-2021,Chicago,A,2021-02-08,Christina Henry,jeremiah26@example.net
MICHELLE HO,laurahicks@example.org,09-Feb-2021,New York,C,2021-02-09,Michelle Ho,laurahicks@example.org
Michelle Lee,tyronerobertson@example.com,10-Feb-2021,Paris,A,2021-02-10,Michelle Lee,tyronerobertson@example.com
Richard Johnston,buckjustin@example.com,"February 15, 2021",Chicago,C,2021-02-15,Richard Johnston,buckjustin@example.com
AMBER BENNETT,sarahbrooks@example.org,2021-02-16,London,A,2021-02-16,Amber Bennett,sarahbrooks@example.org
JOEL NELSON,gabriellecameron@example.org,"February 17, 2021",Los Angeles,B,2021-02-17,Joel Nelson,gabriellecameron@example.org
Judith Maynard,lutzmelanie@example.com,2021-02-17,Munich,VIP,2021-02-17,Judith Maynard,lutzmelanie@example.com
Stacey Hunt,jennifer83@example.org,2021-02-22,New York,VIP,2021-02-22,Stacey Hunt,jennifer83@example.org
Jordan Wilson,rhuff@example.com,22-Feb-2021,Bangkok,VIP,2021-02-22,Jordan Wilson,rhuff@example.com
Anne Castillo,watkinsconnie@example.com,2021-02-23,Los Angeles,B,2021-02-23,Anne Castillo,watkinsconnie@example.com
Sonia Reyes,morgandana@example.com,25-Feb-2021,Manchester,,2021-02-25,Sonia Reyes,morgandana@example.com
pam baker,ryan25@example.net,02/25/2021,Berlin,VIP,2021-02-25,Pam Baker,ryan25@example.net
Kristen Lowery,dixonrobert@example.com,"February 26, 2021",Berlin,B,2021-02-26,Kristen Lowery,dixonrobert@example.com
Linda Thompson,ushelton@example.net,26-Feb-2021,Berlin,,2021-02-26,Linda Thompson,ushelton@example.net
Michael Jones,jason57@example.com,05-Mar-2021,Paris,,2021-03-05,Michael Jones,jason57@example.com
Maria Fischer,kimberlybrandt@example.com,06-Mar-2021,Singapore,VIP,2021-03-06,Maria Fischer,kimberlybrandt@example.com
Stephanie Butler,williamsthomas@example.net,"March 06, 2021",Mumbai,A,2021-03-06,Stephanie Butler,williamsthomas@example.net
Jerry Boyd,ashleygarcia@example.org,2021-03-06,Melbourne,VIP,2021-03-06,Jerry Boyd,ashleygarcia@example.org
angela edwards,ryanlong@example.org,"March 06, 2021",Manchester,B,2021-03-06,Angela Edwards,ryanlong@example.org
Julie Decker,nunezmatthew@example.com,"March 09, 2021",Mumbai,VIP,2021-03-09,Julie Decker,nunezmatthew@example.com
Sarah Archer,marygomez@example.com,2021-03-10,Munich,VIP,2021-03-10,Sarah Archer,marygomez@example.com
mrs. alison wagner,richardsondebra@example.org,2021-03-11,London,B,2021-03-11,Mrs. Alison Wagner,richardsondebra@example.org
Angel Hawkins,cookjimmy@example.com,03/13/2021,London,,2021-03-13,Angel Hawkins,cookjimmy@example.com
Michael Howard,johnwilliams@example.net,2021-03-15,Mumbai,C,2021-03-15,Michael Howard,johnwilliams@example.net
DEVIN JOHNSON,anthonycochran@example.com,"March 15, 2021",Singapore,VIP,2021-03-15,Devin Johnson,anthonycochran@example.com
mrs. katherine simpson,markduran@example.com,03/19/2021,New York,VIP,2021-03-19,Mrs. Katherine Simpson,markduran@example.com
Alec Dixon,cruzeddie@example.com,19-Mar-2021,Paris,A,2021-03-19,Alec Dixon,cruzeddie@example.com
heather atkinson,kenneththomas@example.net,"March 19, 2021",Singapore,,2021-03-19,Heather Atkinson,kenneththomas@example.net
MRS. KIMBERLY CANNON,nfleming@example.net,2021-03-21,Singapore,A,2021-03-21,Mrs. Kimberly Cannon,nfleming@example.net
debbie rivera,mariawilliams@example.com,22-Mar-2021,Singapore,,2021-03-22,Debbie Rivera,mariawilliams@example.com
michael montgomery,jessica89@example.net,"March 22, 2021",Manchester,,2021-03-22,Michael Montgomery,jessica89@example.net
Daniel Thompson,lisaalvarez@example.net,03/22/2021,Chicago,A,2021-03-22,Daniel Thompson,lisaalvarez@example.net
Kevin Marquez,nicoledavis@example.com,2021-03-23,Los Angeles,,2021-03-23,Kevin Marquez,nicoledavis@example.com
SANDRA JONES,ichambers@example.net,2021-03-24,Mumbai,B,2021-03-24,Sandra Jones,ichambers@example.net
Phillip Taylor,sandra03@example.com,"March 26, 2021",London,B,2021-03-26,Phillip Taylor,sandra03@example.com
Ryan Gonzalez,ywright@example.net,2021-03-27,Manchester,,2021-03-27,Ryan Gonzalez,ywright@example.net
Abigail Case,schmittmichael@example.org,28-Mar-2021,Paris,C,2021-03-28,Abigail Case,schmittmichael@example.org
patricia mathis,susan56@example.net,2021-03-29,,VIP,2021-03-29,Patricia Mathis,susan56@example.net
JESSICA LONG,reedelizabeth@example.net,03/31/2021,,C,2021-03-31,Jessica Long,reedelizabeth@example.net
reginald williams,zthornton@example.com,"March 31, 2021",Los Angeles,VIP,2021-03-31,Reginald Williams,zthornton@example.com
ELIZABETH CAIN,samantha73@example.org,"March 31, 2021",Sydney,VIP,2021-03-31,Elizabeth Cain,samantha73@example.org
Karen Mendoza,brittanyholland@example.com,02-Apr-2021,Melbourne,VIP,2021-04-02,Karen Mendoza,brittanyholland@example.com
Vanessa Smith DVM,amber09@example.org,"April 02, 2021",Melbourne,,2021-04-02,Vanessa Smith Dvm,amber09@example.org
Toni Hunt,morgan69@example.net,10-Apr-2021,Singapore,A,2021-04-10,Toni Hunt,morgan69@example.net
TOMMY RAMSEY,markbates@example.com,04/10/2021,Paris,B,2021-04-10,Tommy Ramsey,markbates@example.com
KATHERINE COX,richard92@example.com,04/13/2021,Munich,C,2021-04-13,Katherine Cox,richard92@example.com
Joseph Camacho,parmstrong@example.com,04/17/2021,Berlin,B,2021-04-17,Joseph Camacho,parmstrong@example.com
Shari Kelley,benjaminwilliams@example.net,2021-04-18,Vancouver,VIP,2021-04-18,Shari Kelley,benjaminwilliams@example.net
Adrienne Mills,brooksjamie@example.com,18-Apr-2021,Sydney,VIP,2021-04-18,Adrienne Mills,brooksjamie@example.com
Melissa Morris,hodgesanna@example.net,04/23/2021,Berlin,B,2021-04-23,Melissa Morris,hodgesanna@example.net
christopher johnson,patrick11@example.org,"April 23, 2021",Berlin,A,2021-04-23,Christopher Johnson,patrick11@example.org
Brian Torres,ncook@example.com,2021-04-26,Los Angeles,C,2021-04-26,Brian Torres,ncook@example.com
Krista Davis,laradonald@example.org,2021-04-27,Vancouver,B,2021-04-27,Krista Davis,laradonald@example.org
CLAUDIA RODRIGUEZ,taragonzales@example.com,04/27/2021,Mumbai,C,2021-04-27,Claudia Rodriguez,taragonzales@example.com
DAVID ROBERTSON,nicoleburton@example.net,"April 27, 2021",Munich,A,2021-04-27,David Robertson,nicoleburton@example.net
EDWARD TERRY,ashleystephens@example.com,"April 28, 2021",Singapore,C,2021-04-28,Edward Terry,ashleystephens@example.com
christina gomez,jacob32@example.net,2021-04-28,Berlin,B,2021-04-28,Christina Gomez,jacob32@example.net
Isaac Payne,james54@example.com,28-Apr-2021,Vancouver,VIP,2021-04-28,Isaac Payne,james54@example.com
Jeffrey Smith,jamiegoodwin@example.org,01-May-2021,London,C,2021-05-01,Jeffrey Smith,jamiegoodwin@example.org
cody walker,charles37@example.org,05/02/2021,Chicago,C,2021-05-02,Cody Walker,charles37@example.org
Tracy Jackson,anthony13@example.org,2021-05-04,Toronto,,2021-05-04,Tracy Jackson,anthony13@example.org
MICHAEL ANDERSON,halljohn@example.org,"May 04, 2021",Singapore,VIP,2021-05-04,Michael Anderson,halljohn@example.org
Jennifer Allen,kimberly67@example.net,06-May-2021,Paris,,2021-05-06,Jennifer Allen,kimberly67@example.net
Gary Choi,parkerkatie@example.com,"May 06, 2021",Toronto,B,2021-05-06,Gary Choi,parkerkatie@example.com
curtis watson,mcclainkatherine@example.net,11-May-2021,Paris,B,2021-05-11,Curtis Watson,mcclainkatherine@example.net
DILLON TRAVIS,qmassey@example.org,"May 12, 2021",Vancouver,B,2021-05-12,Dillon Travis,qmassey@example.org
Aaron Johnson,vincentstacey@example.org,"May 14, 2021",Bangkok,,2021-05-14,Aaron Johnson,vincentstacey@example.org
JASON PRICE,aguilarwanda@example.org,"May 14, 2021",Mumbai,B,2021-05-14,Jason Price,aguilarwanda@example.org
suzanne johnson,stacey92@example.net,"May 16, 2021",Melbourne,,2021-05-16,Suzanne Johnson,stacey92@example.net
Jeremy Barnes,avaughn@example.net,16-May-2021,Munich,VIP,2021-05-16,Jeremy Barnes,avaughn@example.net
Matthew Crawford,peterlove@example.net,05/18/2021,Bangkok,C,2021-05-18,Matthew Crawford,peterlove@example.net
MELISSA ELLIOTT,chavezlauren@example.com,05/21/2021,Berlin,C,2021-05-21,Melissa Elliott,chavezlauren@example.com
Kathy Murray,jcontreras@example.net,"May 22, 2021",Toronto,,2021-05-22,Kathy Murray,jcontreras@example.net
MICHAEL PHILLIPS,brittany29@example.com,05/22/2021,Berlin,C,2021-05-22,Michael Phillips,brittany29@example.com
Brian Brown,jenniferhorne@example.net,2021-05-23,Sydney,,2021-05-23,Brian Brown,jenniferhorne@example.net
Debra Clark,ahale@example.org,"May 24, 2021",Berlin,B,2021-05-24,Debra Clark,ahale@example.org
Patricia Peterson,ryan70@example.net,"May 27, 2021",Paris,B,2021-05-27,Patricia Peterson,ryan70@example.net
Paige Carlson,wallkenneth@example.com,27-May-2021,Sydney,A,2021-05-27,Paige Carlson,wallkenneth@example.com
Mary Riley,hbaker@example.org,06/01/2021,Berlin,A,2021-06-01,Mary Riley,hbaker@example.org
John Brown,xprice@example.net,2021-06-02,London,C,2021-06-02,John Brown,xprice@example.net
ashlee ross,burnsrodney@example.org,2021-06-03,Munich,VIP,2021-06-03,Ashlee Ross,burnsrodney@example.org
William Barnett,eadams@example.org,06/04/2021,,,2021-06-04,William Barnett,eadams@example.org
WILLIE LUNA,kathryn17@example.org,07-Jun-2021,Singapore,B,2021-06-07,Willie Luna,kathryn17@example.org
Alicia Norris,hwallace@example.net,"June 08, 2021",Bangkok,B,2021-06-08,Alicia Norris,hwallace@example.net
crystal pham,danaoliver@example.net,11-Jun-2021,Paris,B,2021-06-11,Crystal Pham,danaoliver@example.net
Joseph Acosta,morrisonnicholas@example.org,06/14/2021,Chicago,VIP,2021-06-14,Joseph Acosta,morrisonnicholas@example.org
Alexandra Johnson,rachel51@example.org,2021-06-16,New York,VIP,2021-06-16,Alexandra Johnson,rachel51@example.org
Amanda Huff,eddie35@example.com,2021-06-18,Chicago,VIP,2021-06-18,Amanda Huff,eddie35@example.com
ashley holder,martinsarah@example.com,06/19/2021,Vancouver,C,2021-06-19,Ashley Holder,martinsarah@example.com
Mrs. Ashley Mendoza,karenhodges@example.com,2021-06-26,Paris,C,2021-06-26,Mrs. Ashley Mendoza,karenhodges@example.com
Richard Ramirez,reyesmarvin@example.org,2021-06-26,Vancouver,,2021-06-26,Richard Ramirez,reyesmarvin@example.org
Robert Taylor,makaylasanders@example.com,"June 29, 2021",Los Angeles,B,2021-06-29,Robert Taylor,makaylasanders@example.com
Douglas Watkins,freemanadam@example.com,"July 01, 2021",Chicago,C,2021-07-01,Douglas Watkins,freemanadam@example.com
CATHERINE HUANG,lisa01@example.net,07/04/2021,Berlin,C,2021-07-04,Catherine Huang,lisa01@example.net
James Brown,deborah34@example.org,"July 08, 2021",Sydney,B,2021-07-08,James Brown,deborah34@example.org
travis hopkins,jillwebb@example.com,2021-07-08,Singapore,A,2021-07-08,Travis Hopkins,jillwebb@example.com
Corey Thomas,jensenchristopher@example.org,2021-07-09,Mumbai,,2021-07-09,Corey Thomas,jensenchristopher@example.org
Autumn Key,srocha@example.net,2021-07-09,Vancouver,VIP,2021-07-09,Autumn Key,srocha@example.net
kimberly patel,johnreed@example.com,07/10/2021,Los Angeles,VIP,2021-07-10,Kimberly Patel,johnreed@example.com
NICHOLAS BEARD,christopher88@example.org,"July 12, 2021",Los Angeles,B,2021-07-12,Nicholas Beard,christopher88@example.org
samuel suarez,thompsonnancy@example.org,14-Jul-2021,Manchester,,2021-07-14,Samuel Suarez,thompsonnancy@example.org
Teresa Coffey DDS,smithwilliam@example.com,"July 17, 2021",London,B,2021-07-17,Teresa Coffey Dds,smithwilliam@example.com
Elizabeth Hunter,katie15@example.com,2021-07-17,Bangkok,VIP,2021-07-17,Elizabeth Hunter,katie15@example.com
Eric Carlson,denisebennett@example.net,2021-07-18,Bangkok,,2021-07-18,Eric Carlson,denisebennett@example.net
Sherry Wood,samueldaniels@example.com,07/20/2021,Singapore,C,2021-07-20,Sherry Wood,samueldaniels@example.com
adrian ferguson,brandon08@example.com,2021-07-20,Toronto,C,2021-07-20,Adrian Ferguson,brandon08@example.com
Daniel Benson,bmueller@example.net,20-Jul-2021,Toronto,A,2021-07-20,Daniel Benson,bmueller@example.net
Shari Arellano,josephmichael@example.org,"July 21, 2021",Bangkok,B,2021-07-21,Shari Arellano,josephmichael@example.org
MICHELLE GARCIA,jonesjessica@example.com,07/24/2021,Paris,A,2021-07-24,Michelle Garcia,jonesjessica@example.com
lisa martinez,kthompson@example.org,25-Jul-2021,Singapore,A,2021-07-25,Lisa Martinez,kthompson@example.org
Lisa Brown,jonesdonna@example.net,"July 29, 2021",New York,A,2021-07-29,Lisa Brown,jonesdonna@example.net
Savannah Townsend,jessica39@example.net,31-Jul-2021,,C,2021-07-31,Savannah Townsend,jessica39@example.net
Donald Todd,heathertran@example.com,01-Aug-2021,Toronto,B,2021-08-01,Donald Todd,heathertran@example.com
Daniel Taylor,shermandonna@example.com,2021-08-01,Sydney,C,2021-08-01,Daniel Taylor,shermandonna@example.com
Anthony Brown,cookconnor@example.com,02-Aug-2021,Berlin,A,2021-08-02,Anthony Brown,cookconnor@example.com
Chloe Tran,hughesshannon@example.net,03-Aug-2021,Berlin,VIP,2021-08-03,Chloe Tran,hughesshannon@example.net
Elizabeth Sanchez,david89@example.com,"August 03, 2021",Melbourne,VIP,2021-08-03,Elizabeth Sanchez,david89@example.com
Jorge Morales,kentmichael@example.com,08/03/2021,Bangkok,C,2021-08-03,Jorge Morales,kentmichael@example.com
cynthia wilson,bethwilliams@example.org,"August 05, 2021",Vancouver,VIP,2021-08-05,Cynthia Wilson,bethwilliams@example.org
marie thompson,jeffrey92@example.com,06-Aug-2021,Manchester,B,2021-08-06,Marie Thompson,jeffrey92@example.com
Pamela Thompson,lmoon@example.net,08/09/2021,Singapore,C,2021-08-09,Pamela Thompson,lmoon@example.net
Mary Wright,cathyjames@example.com,08/12/2021,Singapore,B,2021-08-12,Mary Wright,cathyjames@example.com
Dalton Soto,wanda35@example.net,14-Aug-2021,Melbourne,B,2021-08-14,Dalton Soto,wanda35@example.net
charles blair,dananelson@example.com,2021-08-16,Berlin,VIP,2021-08-16,Charles Blair,dananelson@example.com
jacqueline munoz,vford@example.net,08/17/2021,Singapore,VIP,2021-08-17,Jacqueline Munoz,vford@example.net
Pamela Smith,jasonmoran@example.com,08/17/2021,Berlin,A,2021-08-17,Pamela Smith,jasonmoran@example.com
BRADLEY TRAN,kimberly04@example.org,"August 19, 2021",Melbourne,VIP,2021-08-19,Bradley Tran,kimberly04@example.org
John Wilson,chunglaura@example.net,2021-08-19,Paris,C,2021-08-19,John Wilson,chunglaura@example.net
jennifer williamson,mhall@example.net,20-Aug-2021,Los Angeles,VIP,2021-08-20,Jennifer Williamson,mhall@example.net
VALERIE SANDERS,jennifererickson@example.net,08/21/2021,Berlin,,2021-08-21,Valerie Sanders,jennifererickson@example.net
Karina Boone,phines@example.org,2021-08-21,Bangkok,C,2021-08-21,Karina Boone,phines@example.org
Zachary Miller,mendezlori@example.org,2021-08-22,Los Angeles,VIP,2021-08-22,Zachary Miller,mendezlori@example.org
paula lane,silvageorge@example.net,"August 25, 2021",Mumbai,A,2021-08-25,Paula Lane,silvageorge@example.net
ryan garrison,christophercarrillo@example.org,27-Aug-2021,Sydney,A,2021-08-27,Ryan Garrison,christophercarrillo@example.org
daniel anderson,cbrown@example.org,09/01/2021,Los Angeles,VIP,2021-09-01,Daniel Anderson,cbrown@example.org
nathaniel brown,shannon09@example.org,02-Sep-2021,Vancouver,C,2021-09-02,Nathaniel Brown,shannon09@example.org
michele waters,woodphillip@example.com,03-Sep-2021,London,VIP,2021-09-03,Michele Waters,woodphillip@example.com
DANIEL FRANCIS,susan24@example.net,2021-09-08,Mumbai,VIP,2021-09-08,Daniel Francis,susan24@example.net
Emily Rodriguez,hahnsean@example.com,2021-09-09,London,,2021-09-09,Emily Rodriguez,hahnsean@example.com
Timothy Foley,james08@example.net,2021-09-09,New York,B,2021-09-09,Timothy Foley,james08@example.net
MISS KATHRYN MYERS,sherryknight@example.org,"September 10, 2021",Berlin,A,2021-09-10,Miss Kathryn Myers,sherryknight@example.org
CHARLES RUSSO,sherry07@example.net,11-Sep-2021,Paris,A,2021-09-11,Charles Russo,sherry07@example.net
mr. joshua moore,sara39@example.org,2021-09-12,Manchester,,2021-09-12,Mr. Joshua Moore,sara39@example.org
Jeffery Snyder,gregorymitchell@example.net,"September 14, 2021",Chicago,A,2021-09-14,Jeffery Snyder,gregorymitchell@example.net
Heather Roberson,alyssa93@example.org,2021-09-16,Vancouver,,2021-09-16,Heather Roberson,alyssa93@example.org
JAMIE JOHNSON,swatson@example.org,09/19/2021,Chicago,VIP,2021-09-19,Jamie Johnson,swatson@example.org
Rhonda Gutierrez,angelarandall@example.net,09/19/2021,New York,C,2021-09-19,Rhonda Gutierrez,angelarandall@example.net
Jessica Scott,jordan72@example.org,09/22/2021,Bangkok,B,2021-09-22,Jessica Scott,jordan72@example.org
DONNA MOORE,munozglenn@example.org,2021-09-22,Vancouver,B,2021-09-22,Donna Moore,munozglenn@example.org
BRIAN BROWN,martinnovak@example.com,23-Sep-2021,Bangkok,,2021-09-23,Brian Brown,martinnovak@example.com
ALEXANDER GREENE,stanleynina@example.com,24-Sep-2021,Melbourne,,2021-09-24,Alexander Greene,stanleynina@example.com
Susan Zimmerman,abbottchristopher@example.net,"September 24, 2021",,A,2021-09-24,Susan Zimmerman,abbottchristopher@example.net
Phillip Salazar,catherine93@example.net,24-Sep-2021,Paris,B,2021-09-24,Phillip Salazar,catherine93@example.net
KARA SCHMIDT,jbarajas@example.com,"September 26, 2021",,VIP,2021-09-26,Kara Schmidt,jbarajas@example.com
Megan Terry,josegibson@example.net,27-Sep-2021,Singapore,C,2021-09-27,Megan Terry,josegibson@example.net
mr. david rivas,samuel38@example.net,"September 29, 2021",New York,B,2021-09-29,Mr. David Rivas,samuel38@example.net
Margaret Orr,levinetina@example.net,10/04/2021,Los Angeles,A,2021-10-04,Margaret Orr,levinetina@example.net
katelyn kim,christophermay@example.com,06-Oct-2021,Mumbai,,2021-10-06,Katelyn Kim,christophermay@example.com
Angela Willis,johnsoncaleb@example.net,"October 06, 2021",Vancouver,C,2021-10-06,Angela Willis,johnsoncaleb@example.net
JASON MUNOZ,raymond12@example.com,"October 12, 2021",New York,VIP,2021-10-12,Jason Munoz,raymond12@example.com
William Miller,raymondpugh@example.net,2021-10-12,Singapore,A,2021-10-12,William Miller,raymondpugh@example.net
Jasmine Browning,qpennington@example.com,14-Oct-2021,Los Angeles,VIP,2021-10-14,Jasmine Browning,qpennington@example.com
Kayla Deleon,caseyhenderson@example.net,15-Oct-2021,Singapore,A,2021-10-15,Kayla Deleon,caseyhenderson@example.net
tara holmes,arthurgreene@example.net,2021-10-15,Sydney,VIP,2021-10-15,Tara Holmes,arthurgreene@example.net
Angela Griffin,christian91@example.org,"October 19, 2021",Chicago,B,2021-10-19,Angela Griffin,christian91@example.org
Erik Bartlett DVM,haileybates@example.org,2021-10-19,Chicago,A,2021-10-19,Erik Bartlett Dvm,haileybates@example.org
James Hendricks,ebennett@example.net,20-Oct-2021,Paris,C,2021-10-20,James Hendricks,ebennett@example.net
Ana Higgins,stacey09@example.com,20-Oct-2021,Vancouver,C,2021-10-20,Ana Higgins,stacey09@example.com
Michael Lee,max69@example.com,2021-10-21,Berlin,,2021-10-21,Michael Lee,max69@example.com
Angela Yates,pknight@example.org,10/21/2021,Manchester,VIP,2021-10-21,Angela Yates,pknight@example.org
John Henry,anna96@example.com,10/25/2021,Mumbai,,2021-10-25,John Henry,anna96@example.com
julia olsen,conleykevin@example.net,27-Oct-2021,Munich,,2021-10-27,Julia Olsen,conleykevin@example.net
MELINDA NELSON,christopherjones@example.com,"October 30, 2021",Paris,B,2021-10-30,Melinda Nelson,christopherjones@example.com
Michael Lewis,michael03@example.net,31-Oct-2021,Manchester,,2021-10-31,Michael Lewis,michael03@example.net
Cynthia Wallace,karen73@example.net,01-Nov-2021,Berlin,,2021-11-01,Cynthia Wallace,karen73@example.net
HAROLD ELLIS,lisamccarthy@example.com,"November 01, 2021",Bangkok,C,2021-11-01,Harold Ellis,lisamccarthy@example.com
Harold Miranda,penaapril@example.com,02-Nov-2021,Los Angeles,A,2021-11-02,Harold Miranda,penaapril@example.com
Anthony Cabrera,jeffrey42@example.com,02-Nov-2021,Singapore,B,2021-11-02,Anthony Cabrera,jeffrey42@example.com
Sherry Wang,rmccormick@example.org,02-Nov-2021,Berlin,C,2021-11-02,Sherry Wang,rmccormick@example.org
edward brown,qmosley@example.net,"November 03, 2021",Vancouver,,2021-11-03,Edward Brown,qmosley@example.net
JAMES RODRIGUEZ,alexandrablankenship@example.net,"November 03, 2021",Melbourne,,2021-11-03,James Rodriguez,alexandrablankenship@example.net
jesse edwards,wallaceeric@example.com,04-Nov-2021,Manchester,C,2021-11-04,Jesse Edwards,wallaceeric@example.com
Courtney Sharp,daniel79@example.net,05-Nov-2021,Chicago,A,2021-11-05,Courtney Sharp,daniel79@example.net
Melissa Garcia,castropeter@example.com,"November 05, 2021",Singapore,C,2021-11-05,Melissa Garcia,castropeter@example.com
JACOB JOHNSON,hullrobert@example.com,"November 05, 2021",London,,2021-11-05,Jacob Johnson,hullrobert@example.com
Richard Neal,olsenshane@example.org,"November 06, 2021",Melbourne,B,2021-11-06,Richard Neal,olsenshane@example.org
Joel Steele,frank45@example.com,11/07/2021,Manchester,,2021-11-07,Joel Steele,frank45@example.com
mark cox,kimberly23@example.com,11/07/2021,Melbourne,C,2021-11-07,Mark Cox,kimberly23@example.com
Kimberly Brown,andersenthomas@example.com,07-Nov-2021,London,B,2021-11-07,Kimberly Brown,andersenthomas@example.com
Deanna Kennedy,kathryn72@example.org,07-Nov-2021,Berlin,,2021-11-07,Deanna Kennedy,kathryn72@example.org
Oscar Todd,brownnicholas@example.com,13-Nov-2021,Berlin,VIP,2021-11-13,Oscar Todd,brownnicholas@example.com
deborah meyer,olivia29@example.net,"November 19, 2021",Berlin,VIP,2021-11-19,Deborah Meyer,olivia29@example.net
matthew velez,pearsonjesse@example.net,"November 21, 2021",Vancouver,C,2021-11-21,Matthew Velez,pearsonjesse@example.net
Robert Lopez,bradylisa@example.org,2021-11-23,Melbourne,A,2021-11-23,Robert Lopez,bradylisa@example.org
susan torres,wrobbins@example.org,11/23/2021,London,,2021-11-23,Susan Torres,wrobbins@example.org
Alexander Freeman,lewiskimberly@example.org,11/23/2021,London,C,2021-11-23,Alexander Freeman,lewiskimberly@example.org
Mark Carter,gomeztonya@example.com,2021-11-25,Singapore,C,2021-11-25,Mark Carter,gomeztonya@example.com
JEFFREY EDWARDS,herbertward@example.org,29-Nov-2021,London,B,2021-11-29,Jeffrey Edwards,herbertward@example.org
Megan Drake,danieldavis@example.org,"November 29, 2021",Berlin,VIP,2021-11-29,Megan Drake,danieldavis@example.org
Nathaniel Walter,jamietyler@example.com,30-Nov-2021,Chicago,,2021-11-30,Nathaniel Walter,jamietyler@example.com
Amy James,william32@example.net,12/05/2021,Mumbai,,2021-12-05,Amy James,william32@example.net
Austin Robinson,katrina71@example.net,12/06/2021,Berlin,VIP,2021-12-06,Austin Robinson,katrina71@example.net
Michelle Ray,kendraharris@example.org,12/07/2021,Manchester,,2021-12-07,Michelle Ray,kendraharris@example.org
MADISON THOMAS,christopherreyes@example.com,07-Dec-2021,Sydney,C,2021-12-07,Madison Thomas,christopherreyes@example.com
Tina Daugherty,ulee@example.net,"December 09, 2021",Melbourne,,2021-12-09,Tina Daugherty,ulee@example.net
heidi owen,stephaniethomas@example.net,2021-12-09,Manchester,VIP,2021-12-09,Heidi Owen,stephaniethomas@example.net
ralph vasquez,cpierce@example.org,"December 10, 2021",Sydney,A,2021-12-10,Ralph Vasquez,cpierce@example.org
Rachael Lynch,colonbobby@example.org,11-Dec-2021,Los Angeles,B,2021-12-11,Rachael Lynch,colonbobby@example.org
Jack Barton,rgallegos@example.org,2021-12-11,Manchester,C,2021-12-11,Jack Barton,rgallegos@example.org
BRIAN MOORE,ijones@example.com,2021-12-13,Mumbai,,2021-12-13,Brian Moore,ijones@example.com
KRISTINA BAKER,nicholashuffman@example.org,2021-12-15,Bangkok,,2021-12-15,Kristina Baker,nicholashuffman@example.org
Katherine Church,candice96@example.net,2021-12-17,Berlin,VIP,2021-12-17,Katherine Church,candice96@example.net
JEFFREY JORDAN,ysanford@example.org,2021-12-17,Los Angeles,C,2021-12-17,Jeffrey Jordan,ysanford@example.org
JEANNE JONES,byrderic@example.com,19-Dec-2021,New York,C,2021-12-19,Jeanne Jones,byrderic@example.com
Catherine Davis,amybrennan@example.net,20-Dec-2021,Bangkok,B,2021-12-20,Catherine Davis,amybrennan@example.net
Kimberly Gibson,bgross@example.net,12/22/2021,New York,C,2021-12-22,Kimberly Gibson,bgross@example.net
Michael Watkins,brandon69@example.org,12/23/2021,London,C,2021-12-23,Michael Watkins,brandon69@example.org
Amanda Preston,hannah07@example.com,"December 26, 2021",London,B,2021-12-26,Amanda Preston,hannah07@example.com
MICHAEL WEBSTER,morajamie@example.org,"December 27, 2021",Munich,VIP,2021-12-27,Michael Webster,morajamie@example.org
jonathan delgado,fitzpatrickelizabeth@example.com,2021-12-29,Sydney,VIP,2021-12-29,Jonathan Delgado,fitzpatrickelizabeth@example.com
Jennifer Rocha,ithomas@example.org,"December 29, 2021",Chicago,C,2021-12-29,Jennifer Rocha,ithomas@example.org
charles hardin,lopezjennifer@example.org,"December 30, 2021",Toronto,,2021-12-30,Charles Hardin,lopezjennifer@example.org
Brenda Martin,robertsonjuan@example.org,01/01/2022,Mumbai,,2022-01-01,Brenda Martin,robertsonjuan@example.org
Wyatt Callahan,fperez@example.org,01-Jan-2022,Mumbai,B,2022-01-01,Wyatt Callahan,fperez@example.org
amy ferguson,stewartrodney@example.net,01/02/2022,Munich,B,2022-01-02,Amy Ferguson,stewartrodney@example.net
Denise Brown,roysara@example.net,01/03/2022,Chicago,A,2022-01-03,Denise Brown,roysara@example.net
GEORGE ALVAREZ,kelleyjose@example.com,2022-01-04,Munich,C,2022-01-04,George Alvarez,kelleyjose@example.com
Susan Price,wilsontina@example.com,"January 09, 2022",London,A,2022-01-09,Susan Price,wilsontina@example.com
patricia harvey,garrettbeth@example.org,"January 10, 2022",Toronto,B,2022-01-10,Patricia Harvey,garrettbeth@example.org
Ernest Bernard,lambertdevin@example.com,"January 11, 2022",London,A,2022-01-11,Ernest Bernard,lambertdevin@example.com
Carolyn Bradley,higginsryan@example.com,12-Jan-2022,London,VIP,2022-01-12,Carolyn Bradley,higginsryan@example.com
Kevin Sullivan,rebeccaarnold@example.net,01/13/2022,Singapore,VIP,2022-01-13,Kevin Sullivan,rebeccaarnold@example.net
FRANK WILLIAMS,tracy98@example.com,"January 15, 2022",Berlin,VIP,2022-01-15,Frank Williams,tracy98@example.com
AARON LEE,beardlindsey@example.net,2022-01-15,Paris,A,2022-01-15,Aaron Lee,beardlindsey@example.net
zachary bryant,marvin69@example.net,"January 16, 2022",New York,,2022-01-16,Zachary Bryant,marvin69@example.net
Teresa Watkins,harringtonpeter@example.net,01/21/2022,New York,B,2022-01-21,Teresa Watkins,harringtonpeter@example.net
Sherry Porter,jorgegonzalez@example.com,"January 22, 2022",London,,2022-01-22,Sherry Porter,jorgegonzalez@example.com
lori mason,zhenderson@example.org,2022-01-24,Melbourne,C,2022-01-24,Lori Mason,zhenderson@example.org
Joseph Peterson,connie12@example.com,"January 25, 2022",Vancouver,VIP,2022-01-25,Joseph Peterson,connie12@example.com
Mr. George Booker DDS,browndeanna@example.net,"January 26, 2022",Vancouver,,2022-01-26,Mr. George Booker Dds,browndeanna@example.net
Elizabeth Reese,edwin31@example.org,"January 30, 2022",Sydney,A,2022-01-30,Elizabeth Reese,edwin31@example.org
nancy cook,rachael29@example.net,2022-01-31,Berlin,B,2022-01-31,Nancy Cook,rachael29@example.net
JOSHUA GALLEGOS,claudia35@example.org,31-Jan-2022,Manchester,C,2022-01-31,Joshua Gallegos,claudia35@example.org
William Griffin,pjacobs@example.net,02-Feb-2022,Melbourne,VIP,2022-02-02,William Griffin,pjacobs@example.net
OSCAR CRUZ,markskristina@example.com,2022-02-06,Melbourne,A,2022-02-06,Oscar Cruz,markskristina@example.com
JUSTIN MICHAEL,keith98@example.com,2022-02-08,Munich,A,2022-02-08,Justin Michael,keith98@example.com
MEGAN GREEN,anthonysullivan@example.com,09-Feb-2022,London,,2022-02-09,Megan Green,anthonysullivan@example.com
gina mcmillan,jameshicks@example.net,2022-02-09,London,B,2022-02-09,Gina Mcmillan,jameshicks@example.net
Brandon Sanchez,tracy38@example.com,"February 09, 2022",Sydney,C,2022-02-09,Brandon Sanchez,tracy38@example.com
Sarah Ashley,vmedina@example.net,09-Feb-2022,Vancouver,,2022-02-09,Sarah Ashley,vmedina@example.net
Stephen Garcia,andrew43@example.com,"February 10, 2022",Munich,B,2022-02-10,Stephen Garcia,andrew43@example.com
Connie Hamilton,dalton78@example.net,02/13/2022,Los Angeles,A,2022-02-13,Connie Hamilton,dalton78@example.net
Heidi Blankenship,talvarez@example.org,02/13/2022,Paris,A,2022-02-13,Heidi Blankenship,talvarez@example.org
TYLER DAVIS,jenniferwilliams@example.net,"February 15, 2022",Vancouver,VIP,2022-02-15,Tyler Davis,jenniferwilliams@example.net
christopher smith,jamesjackson@example.com,21-Feb-2022,Bangkok,B,2022-02-21,Christopher Smith,jamesjackson@example.com
DENISE FORD,colton30@example.net,21-Feb-2022,Sydney,,2022-02-21,Denise Ford,colton30@example.net
Nicholas Brooks,oobrien@example.net,22-Feb-2022,Manchester,VIP,2022-02-22,Nicholas Brooks,oobrien@example.net
ARTHUR MCDANIEL,scottlove@example.org,2022-02-23,London,A,2022-02-23,Arthur Mcdaniel,scottlove@example.org
Steven Carter Jr.,carolyn61@example.net,02/25/2022,New York,,2022-02-25,Steven Carter Jr.,carolyn61@example.net
MEGHAN WHITE,nmaxwell@example.org,28-Feb-2022,Vancouver,C,2022-02-28,Meghan White,nmaxwell@example.org
KIMBERLY JAMES,swalters@example.net,2022-03-03,Paris,C,2022-03-03,Kimberly James,swalters@example.net
paul morton,ritteralexis@example.net,2022-03-04,Bangkok,,2022-03-04,Paul Morton,ritteralexis@example.net
PAMELA HERNANDEZ DVM,jbrown@example.org,07-Mar-2022,Manchester,,2022-03-07,Pamela Hernandez Dvm,jbrown@example.org
SUSAN GARCIA,shafferdale@example.net,"March 13, 2022",Bangkok,B,2022-03-13,Susan Garcia,shafferdale@example.net
Michelle Chavez,brandi26@example.net,15-Mar-2022,Mumbai,,2022-03-15,Michelle Chavez,brandi26@example.net
Jennifer Smith,karinorton@example.net,17-Mar-2022,Melbourne,A,2022-03-17,Jennifer Smith,karinorton@example.net
richard walker,madisonwatson@example.net,"March 17, 2022",Toronto,,2022-03-17,Richard Walker,madisonwatson@example.net
William Cunningham,uwilliams@example.org,17-Mar-2022,New York,VIP,2022-03-17,William Cunningham,uwilliams@example.org
Amanda Mcfarland,alexis39@example.org,"March 18, 2022",New York,A,2022-03-18,Amanda Mcfarland,alexis39@example.org
John Russell,robertchase@example.net,"March 18, 2022",London,,2022-03-18,John Russell,robertchase@example.net
Jeffery Holt,uwillis@example.com,20-Mar-2022,Vancouver,C,2022-03-20,Jeffery Holt,uwillis@example.com
BRANDON JORDAN,fgarcia@example.com,03/20/2022,Los Angeles,A,2022-03-20,Brandon Jordan,fgarcia@example.com
Douglas Hartman,daniel93@example.net,"March 21, 2022",Sydney,VIP,2022-03-21,Douglas Hartman,daniel93@example.net
adam rivas,andersonkayla@example.com,22-Mar-2022,Bangkok,C,2022-03-22,Adam Rivas,andersonkayla@example.com
Michael Wells,tara92@example.net,24-Mar-2022,Paris,C,2022-03-24,Michael Wells,tara92@example.net
Jessica Becker,chavezisabel@example.com,03/24/2022,Los Angeles,B,2022-03-24,Jessica Becker,chavezisabel@example.com
jessica jackson,oblake@example.net,03/26/2022,Toronto,VIP,2022-03-26,Jessica Jackson,oblake@example.net
Susan Cox,rodriguezmichael@example.net,03/26/2022,Sydney,B,2022-03-26,Susan Cox,rodriguezmichael@example.net
Damon Powell,regina49@example.com,03/27/2022,Sydney,A,2022-03-27,Damon Powell,regina49@example.com
beth kirk,davidkane@example.com,2022-03-27,Toronto,B,2022-03-27,Beth Kirk,davidkane@example.com
MICHAEL ROBINSON,scottcain@example.org,"March 28, 2022",Mumbai,B,2022-03-28,Michael Robinson,scottcain@example.org
Tammy Booth,fieldskimberly@example.com,"March 30, 2022",Mumbai,C,2022-03-30,Tammy Booth,fieldskimberly@example.com
Louis Rogers,jmcfarland@example.com,01-Apr-2022,New York,C,2022-04-01,Louis Rogers,jmcfarland@example.com
Laura Adams,ogreer@example.org,2022-04-04,Munich,C,2022-04-04,Laura Adams,ogreer@example.org
Blake Wu,sanchezcrystal@example.net,2022-04-04,Manchester,B,2022-04-04,Blake Wu,sanchezcrystal@example.net
cynthia woods,ubray@example.net,05-Apr-2022,Vancouver,,2022-04-05,Cynthia Woods,ubray@example.net
Jennifer Gutierrez,amydickson@example.com,"April 08, 2022",Bangkok,A,2022-04-08,Jennifer Gutierrez,amydickson@example.com
kyle blake,maryjohnson@example.com,2022-04-09,Berlin,VIP,2022-04-09,Kyle Blake,maryjohnson@example.com
Tammy Cook,hbutler@example.org,11-Apr-2022,Chicago,VIP,2022-04-11,Tammy Cook,hbutler@example.org
Jacqueline Christian,kwells@example.org,2022-04-11,Melbourne,C,2022-04-11,Jacqueline Christian,kwells@example.org
Amy Farrell,jamesrobinson@example.com,"April 11, 2022",Toronto,,2022-04-11,Amy Farrell,jamesrobinson@example.com
ANDREW SMITH,jameshudson@example.com,"April 13, 2022",Mumbai,B,2022-04-13,Andrew Smith,jameshudson@example.com
James Martin,jenniferwilliams@example.com,04/13/2022,Sydney,A,2022-04-13,James Martin,jenniferwilliams@example.com
Stephanie Gallagher,umontes@example.org,04/16/2022,New York,B,2022-04-16,Stephanie Gallagher,umontes@example.org
JAIME EDWARDS,lstokes@example.com,04/18/2022,London,B,2022-04-18,Jaime Edwards,lstokes@example.com
Greg Hull,jessechapman@example.org,19-Apr-2022,Sydney,C,2022-04-19,Greg Hull,jessechapman@example.org
jose vaughan,teresaayala@example.net,04/21/2022,Sydney,B,2022-04-21,Jose Vaughan,teresaayala@example.net
Victoria Contreras,piercekelly@example.com,26-Apr-2022,Vancouver,A,2022-04-26,Victoria Contreras,piercekelly@example.com
William Mueller,gnichols@example.net,2022-05-01,Chicago,,2022-05-01,William Mueller,gnichols@example.net
JOSEPH BLACKBURN,chanamber@example.org,2022-05-03,Munich,VIP,2022-05-03,Joseph Blackburn,chanamber@example.org
Barbara Riggs,reedross@example.com,05/04/2022,Munich,,2022-05-04,Barbara Riggs,reedross@example.com
Evelyn Garcia,dgarcia@example.org,05/05/2022,Paris,A,2022-05-05,Evelyn Garcia,dgarcia@example.org
diane gilbert,jeremylopez@example.net,05/05/2022,Bangkok,VIP,2022-05-05,Diane Gilbert,jeremylopez@example.net
Erin Daniels,denisecarpenter@example.net,05/06/2022,Paris,VIP,2022-05-06,Erin Daniels,denisecarpenter@example.net
Bradley Anthony,kristen77@example.net,2022-05-06,Manchester,,2022-05-06,Bradley Anthony,kristen77@example.net
Mark Lynch,nathanielmartin@example.net,2022-05-06,Manchester,C,2022-05-06,Mark Lynch,nathanielmartin@example.net
Daniel Ferrell,erikamiller@example.org,2022-05-10,Sydney,C,2022-05-10,Daniel Ferrell,erikamiller@example.org
JENNIFER BARRETT,joyce21@example.org,12-May-2022,,,2022-05-12,Jennifer Barrett,joyce21@example.org
Bethany Robles,marisa87@example.org,2022-05-13,Toronto,A,2022-05-13,Bethany Robles,marisa87@example.org
Bryan Miller,gmay@example.org,13-May-2022,Toronto,VIP,2022-05-13,Bryan Miller,gmay@example.org
Sara Moore,james10@example.com,05/13/2022,Singapore,A,2022-05-13,Sara Moore,james10@example.com
Vincent Brown,eric33@example.net,05/18/2022,Manchester,VIP,2022-05-18,Vincent Brown,eric33@example.net
Ronald Johns,elucas@example.net,"May 18, 2022",Chicago,C,2022-05-18,Ronald Johns,elucas@example.net
MARGARET SULLIVAN,frobertson@example.com,"May 19, 2022",Berlin,VIP,2022-05-19,Margaret Sullivan,frobertson@example.com
Jacqueline Rodriguez,travisunderwood@example.net,"May 20, 2022",Melbourne,C,2022-05-20,Jacqueline Rodriguez,travisunderwood@example.net
Daniel Shaw,daniel32@example.com,22-May-2022,London,C,2022-05-22,Daniel Shaw,daniel32@example.com
tyler white,tina63@example.net,"May 23, 2022",Mumbai,,2022-05-23,Tyler White,tina63@example.net
Allison Casey,amandadalton@example.net,26-May-2022,Munich,VIP,2022-05-26,Allison Casey,amandadalton@example.net
carrie maxwell,epollard@example.net,"May 28, 2022",Berlin,,2022-05-28,Carrie Maxwell,epollard@example.net
Brittany Gay,robert97@example.org,2022-05-29,,C,2022-05-29,Brittany Gay,robert97@example.org
Denise Olsen,usmith@example.net,2022-06-01,Chicago,VIP,2022-06-01,Denise Olsen,usmith@example.net
Brian Christensen,mandypetty@example.com,03-Jun-2022,Melbourne,C,2022-06-03,Brian Christensen,mandypetty@example.com
AMBER CAMPBELL,amitchell@example.org,06/04/2022,Berlin,A,2022-06-04,Amber Campbell,amitchell@example.org
Heather Snyder,asteele@example.net,05-Jun-2022,Mumbai,C,2022-06-05,Heather Snyder,asteele@example.net
Jake Jackson,smithpaul@example.org,"June 05, 2022",Mumbai,A,2022-06-05,Jake Jackson,smithpaul@example.org
Susan Bennett,desireebailey@example.org,"June 07, 2022",Chicago,B,2022-06-07,Susan Bennett,desireebailey@example.org
MEGAN DILLON,chelsea33@example.com,2022-06-13,New York,C,2022-06-13,Megan Dillon,chelsea33@example.com
jessica miller,brooke28@example.net,17-Jun-2022,Manchester,A,2022-06-17,Jessica Miller,brooke28@example.net
Julie Wilson,whitechristopher@example.com,06/18/2022,Toronto,B,2022-06-18,Julie Wilson,whitechristopher@example.com
KATHERINE BROWNING,lammarc@example.org,06/18/2022,New York,VIP,2022-06-18,Katherine Browning,lammarc@example.org
dillon jones,derekcarrillo@example.org,06/20/2022,Singapore,B,2022-06-20,Dillon Jones,derekcarrillo@example.org
kelly rivas,dsmith@example.com,2022-06-20,Bangkok,B,2022-06-20,Kelly Rivas,dsmith@example.com
JOSEPH BENTLEY,christopherward@example.com,"June 27, 2022",Vancouver,A,2022-06-27,Joseph Bentley,christopherward@example.com
jennifer turner,karen61@example.net,2022-06-30,Singapore,,2022-06-30,Jennifer Turner,karen61@example.net
Nicole Perez,matthew38@example.org,06/30/2022,Paris,A,2022-06-30,Nicole Perez,matthew38@example.org
Douglas Kline,jonesmegan@example.org,07/01/2022,Sydney,VIP,2022-07-01,Douglas Kline,jonesmegan@example.org
Rebecca French,olivermatthew@example.org,"July 04, 2022",Paris,A,2022-07-04,Rebecca French,olivermatthew@example.org
dawn hall,hensleyvalerie@example.net,"July 06, 2022",Sydney,A,2022-07-06,Dawn Hall,hensleyvalerie@example.net
jenna jensen,zpoole@example.net,06-Jul-2022,Los Angeles,C,2022-07-06,Jenna Jensen,zpoole@example.net
Caitlin Smith,rrogers@example.com,10-Jul-2022,Toronto,B,2022-07-10,Caitlin Smith,rrogers@example.com
Donald Harris,tanya97@example.com,"July 13, 2022",Los Angeles,B,2022-07-13,Donald Harris,tanya97@example.com
Jamie Duran,villawilliam@example.com,2022-07-16,Berlin,B,2022-07-16,Jamie Duran,villawilliam@example.com
Angela Morton,williamsyvette@example.org,16-Jul-2022,Melbourne,,2022-07-16,Angela Morton,williamsyvette@example.org
David Garcia,jennifer12@example.org,07/17/2022,Berlin,,2022-07-17,David Garcia,jennifer12@example.org
Alexandra Brown,rodriguezelizabeth@example.net,07/17/2022,Toronto,,2022-07-17,Alexandra Brown,rodriguezelizabeth@example.net
Carlos Hensley,audrey47@example.org,18-Jul-2022,Paris,A,2022-07-18,Carlos Hensley,audrey47@example.org
rachael howard dds,kcooper@example.net,20-Jul-2022,Melbourne,B,2022-07-20,Rachael Howard Dds,kcooper@example.net
Teresa Russell,branchthomas@example.com,23-Jul-2022,Chicago,C,2022-07-23,Teresa Russell,branchthomas@example.com
Janice Mccarthy,stonejacob@example.com,"July 25, 2022",Berlin,C,2022-07-25,Janice Mccarthy,stonejacob@example.com
Robert Miller,csolis@example.org,2022-07-29,Chicago,VIP,2022-07-29,Robert Miller,csolis@example.org
Mary Grimes,wryan@example.com,07/30/2022,Chicago,B,2022-07-30,Mary Grimes,wryan@example.com
PENNY GOMEZ MD,aprilmclaughlin@example.org,31-Jul-2022,Munich,A,2022-07-31,Penny Gomez Md,aprilmclaughlin@example.org
Darren Pham,dhardin@example.net,"August 01, 2022",Los Angeles,C,2022-08-01,Darren Pham,dhardin@example.net
GLENN WARD,alyssa66@example.net,"August 02, 2022",New York,,2022-08-02,Glenn Ward,alyssa66@example.net
Katie Rivers,dominguezscott@example.com,08/02/2022,Berlin,A,2022-08-02,Katie Rivers,dominguezscott@example.com
Sarah Lewis,harnold@example.org,05-Aug-2022,Manchester,VIP,2022-08-05,Sarah Lewis,harnold@example.org
Charles Wright,monique89@example.com,08/06/2022,Paris,VIP,2022-08-06,Charles Wright,monique89@example.com
Austin Baker,livingstonstacy@example.com,"August 07, 2022",Melbourne,A,2022-08-07,Austin Baker,livingstonstacy@example.com
JESSICA WATTS,patelgabrielle@example.com,08/09/2022,Singapore,B,2022-08-09,Jessica Watts,patelgabrielle@example.com
MARTIN NEWTON,ecohen@example.com,09-Aug-2022,New York,B,2022-08-09,Martin Newton,ecohen@example.com
Michelle Smith,brownreginald@example.net,"August 11, 2022",Sydney,C,2022-08-11,Michelle Smith,brownreginald@example.net
TAMMY PARSONS,tluna@example.net,"August 14, 2022",Sydney,,2022-08-14,Tammy Parsons,tluna@example.net
Angela Lee,gonzalespatricia@example.net,15-Aug-2022,,A,2022-08-15,Angela Lee,gonzalespatricia@example.net
Sonya Simmons,veronica30@example.org,08/16/2022,London,A,2022-08-16,Sonya Simmons,veronica30@example.org
Michael Cooper,katrinaanderson@example.net,2022-08-16,Munich,C,2022-08-16,Michael Cooper,katrinaanderson@example.net
JARED HOWELL,katherineharris@example.net,"August 18, 2022",Sydney,VIP,2022-08-18,Jared Howell,katherineharris@example.net
Brandon Rasmussen,timothy88@example.org,"August 19, 2022",Sydney,VIP,2022-08-19,Brandon Rasmussen,timothy88@example.org
Jordan Tanner,joseph97@example.org,22-Aug-2022,Sydney,B,2022-08-22,Jordan Tanner,joseph97@example.org
victoria garcia,zchandler@example.org,2022-08-23,Sydney,A,2022-08-23,Victoria Garcia,zchandler@example.org
Matthew Sanchez,david67@example.net,08/26/2022,New York,B,2022-08-26,Matthew Sanchez,david67@example.net
Brooke Lewis,charleshayes@example.com,08/28/2022,Mumbai,C,2022-08-28,Brooke Lewis,charleshayes@example.com
jeffrey henry,christina93@example.net,"August 29, 2022",Chicago,C,2022-08-29,Jeffrey Henry,christina93@example.net
Joshua Clements,langchristopher@example.net,29-Aug-2022,Toronto,VIP,2022-08-29,Joshua Clements,langchristopher@example.net
Ashley Wilson,amber07@example.net,"August 31, 2022",Chicago,VIP,2022-08-31,Ashley Wilson,amber07@example.net
Courtney Velasquez,ybailey@example.org,09/01/2022,Singapore,,2022-09-01,Courtney Velasquez,ybailey@example.org
leslie todd,jessica96@example.com,09/02/2022,Manchester,B,2022-09-02,Leslie Todd,jessica96@example.com
Sheila Perez,newmanangela@example.org,07-Sep-2022,New York,,2022-09-07,Sheila Perez,newmanangela@example.org
Tammy Cameron,ganderson@example.org,09/09/2022,Mumbai,VIP,2022-09-09,Tammy Cameron,ganderson@example.org
Rodney Baker,qcharles@example.org,2022-09-12,Berlin,A,2022-09-12,Rodney Baker,qcharles@example.org
Robert Byrd,iwoods@example.com,"September 12, 2022",Melbourne,,2022-09-12,Robert Byrd,iwoods@example.com
Colleen Brock,pwilliams@example.org,"September 13, 2022",New York,B,2022-09-13,Colleen Brock,pwilliams@example.org
Timothy Duncan,esanchez@example.com,"September 13, 2022",Chicago,B,2022-09-13,Timothy Duncan,esanchez@example.com
Renee Hudson,candice25@example.net,14-Sep-2022,Singapore,,2022-09-14,Renee Hudson,candice25@example.net
katherine frost,xwaller@example.com,2022-09-16,New York,B,2022-09-16,Katherine Frost,xwaller@example.com
Natalie Mullins,megangates@example.com,16-Sep-2022,Berlin,A,2022-09-16,Natalie Mullins,megangates@example.com
Richard Goodman,ballvanessa@example.com,09/17/2022,,A,2022-09-17,Richard Goodman,ballvanessa@example.com
ashley brown,mistywilkins@example.org,2022-09-18,Bangkok,A,2022-09-18,Ashley Brown,mistywilkins@example.org
Whitney Moyer,kristy74@example.net,"September 22, 2022",London,C,2022-09-22,Whitney Moyer,kristy74@example.net
Elizabeth Lee,mollywalter@example.net,22-Sep-2022,Munich,B,2022-09-22,Elizabeth Lee,mollywalter@example.net
jeremy benson,lbradley@example.com,24-Sep-2022,Los Angeles,A,2022-09-24,Jeremy Benson,lbradley@example.com
kara black,dsharp@example.com,"September 25, 2022",Sydney,C,2022-09-25,Kara Black,dsharp@example.com
BRIAN VILLA,omorris@example.net,"September 26, 2022",Mumbai,VIP,2022-09-26,Brian Villa,omorris@example.net
Mark Brown,hodgejoshua@example.org,"September 26, 2022",Chicago,B,2022-09-26,Mark Brown,hodgejoshua@example.org
david hanson,timothytate@example.com,09/26/2022,Bangkok,VIP,2022-09-26,David Hanson,timothytate@example.com
Teresa Rowland,ejohns@example.org,09/27/2022,Paris,VIP,2022-09-27,Teresa Rowland,ejohns@example.org
Dr. John Perkins,clarkpatricia@example.com,"September 27, 2022",Bangkok,,2022-09-27,Dr. John Perkins,clarkpatricia@example.com
David Lane,alexanderwise@example.net,09/28/2022,Singapore,C,2022-09-28,David Lane,alexanderwise@example.net
WANDA STEPHENS,johnstonjonathan@example.net,"October 01, 2022",Melbourne,VIP,2022-10-01,Wanda Stephens,johnstonjonathan@example.net
John Roberts,haleytrevor@example.net,02-Oct-2022,Sydney,,2022-10-02,John Roberts,haleytrevor@example.net
Chelsey White,anthonycherry@example.org,05-Oct-2022,Singapore,,2022-10-05,Chelsey White,anthonycherry@example.org
daniel martin,melissa01@example.org,10/06/2022,Manchester,B,2022-10-06,Daniel Martin,melissa01@example.org
maria cruz,danielgriffith@example.net,10/10/2022,Berlin,A,2022-10-10,Maria Cruz,danielgriffith@example.net
Rebecca Kelly,gregorywatkins@example.net,"October 10, 2022",Manchester,A,2022-10-10,Rebecca Kelly,gregorywatkins@example.net
lisa dixon,melissabrown@example.net,"October 11, 2022",Manchester,B,2022-10-11,Lisa Dixon,melissabrown@example.net
LAUREN DANIELS,brian97@example.net,2022-10-11,New York,,2022-10-11,Lauren Daniels,brian97@example.net
WILLIE EDWARDS,marygarcia@example.com,12-Oct-2022,Melbourne,C,2022-10-12,Willie Edwards,marygarcia@example.com
laura meza,xreese@example.net,2022-10-12,Manchester,VIP,2022-10-12,Laura Meza,xreese@example.net
Patrick Norris,jeremylove@example.org,"October 13, 2022",Melbourne,C,2022-10-13,Patrick Norris,jeremylove@example.org
MICHELLE GRAHAM,spearselizabeth@example.net,"October 14, 2022",Manchester,B,2022-10-14,Michelle Graham,spearselizabeth@example.net
Aaron Munoz,meyerjohn@example.org,"October 14, 2022",Bangkok,VIP,2022-10-14,Aaron Munoz,meyerjohn@example.org
Karen Tapia,raymond27@example.com,10/14/2022,Paris,A,2022-10-14,Karen Tapia,raymond27@example.com
James Elliott,millerroy@example.com,"October 15, 2022",Berlin,,2022-10-15,James Elliott,millerroy@example.com
Samantha Robertson,cameronmckinney@example.com,"October 16, 2022",Mumbai,A,2022-10-16,Samantha Robertson,cameronmckinney@example.com
Elizabeth Collins,shaffercindy@example.org,"October 19, 2022",New York,B,2022-10-19,Elizabeth Collins,shaffercindy@example.org
ERIN RAMIREZ,meyertiffany@example.net,2022-10-20,Berlin,B,2022-10-20,Erin Ramirez,meyertiffany@example.net
cindy barnes,eric45@example.net,10/20/2022,Vancouver,C,2022-10-20,Cindy Barnes,eric45@example.net
Cindy Cole,cherylnorton@example.com,2022-10-20,Vancouver,VIP,2022-10-20,Cindy Cole,cherylnorton@example.com
Jonathon Hill,mannleroy@example.org,2022-10-21,Los Angeles,A,2022-10-21,Jonathon Hill,mannleroy@example.org
BRAD BEARD,jeremy70@example.net,22-Oct-2022,New York,,2022-10-22,Brad Beard,jeremy70@example.net
Michael Castillo,brooke05@example.org,2022-10-23,Bangkok,A,2022-10-23,Michael Castillo,brooke05@example.org
Matthew Gray,uthompson@example.net,10/24/2022,Berlin,A,2022-10-24,Matthew Gray,uthompson@example.net
Angela Barnett,madison00@example.org,10/25/2022,Los Angeles,A,2022-10-25,Angela Barnett,madison00@example.org
william moreno,terrigarcia@example.net,2022-10-28,Chicago,A,2022-10-28,William Moreno,terrigarcia@example.net
Steven Nguyen,jacqueline39@example.net,"November 02, 2022",Mumbai,,2022-11-02,Steven Nguyen,jacqueline39@example.net
Marcus Powell,ann31@example.net,04-Nov-2022,,,2022-11-04,Marcus Powell,ann31@example.net
Paul Lane,dbeck@example.com,11/05/2022,Singapore,A,2022-11-05,Paul Lane,dbeck@example.com
Daniel Gordon,lrichardson@example.org,"November 08, 2022",Toronto,C,2022-11-08,Daniel Gordon,lrichardson@example.org
BRITTANY PETERSON,hoconnor@example.com,11/09/2022,Toronto,B,2022-11-09,Brittany Peterson,hoconnor@example.com
Jeffery Collins,courtney01@example.org,"November 14, 2022",Vancouver,VIP,2022-11-14,Jeffery Collins,courtney01@example.org
Lisa Alvarado,cortezkevin@example.com,"November 16, 2022",Bangkok,VIP,2022-11-16,Lisa Alvarado,cortezkevin@example.com
John Campbell,mark87@example.org,"November 18, 2022",Mumbai,VIP,2022-11-18,John Campbell,mark87@example.org
Dr. Jared Lee III,barbaraolsen@example.net,"November 21, 2022",Sydney,B,2022-11-21,Dr. Jared Lee Iii,barbaraolsen@example.net
Cassandra Roberts,kathryn21@example.com,21-Nov-2022,Berlin,B,2022-11-21,Cassandra Roberts,kathryn21@example.com
Nathan Watkins,yprice@example.net,11/22/2022,Singapore,B,2022-11-22,Nathan Watkins,yprice@example.net
DANIELLE STEIN,terrywilliam@example.com,11/23/2022,Paris,A,2022-11-23,Danielle Stein,terrywilliam@example.com
ANDREA GOODMAN,ecamacho@example.com,26-Nov-2022,New York,C,2022-11-26,Andrea Goodman,ecamacho@example.com
edwin jackson,gmccarthy@example.com,"November 27, 2022",Manchester,C,2022-11-27,Edwin Jackson,gmccarthy@example.com
stephen thompson,mikemorgan@example.org,2022-11-27,Paris,A,2022-11-27,Stephen Thompson,mikemorgan@example.org
jessica gaines,jmorrow@example.net,27-Nov-2022,Bangkok,A,2022-11-27,Jessica Gaines,jmorrow@example.net
Ashley Cordova,ubaker@example.org,2022-11-28,Singapore,C,2022-11-28,Ashley Cordova,ubaker@example.org
Keith Fuller,nicholasliu@example.com,2022-11-30,Los Angeles,,2022-11-30,Keith Fuller,nicholasliu@example.com
patricia johnson,enelson@example.com,"November 30, 2022",Mumbai,C,2022-11-30,Patricia Johnson,enelson@example.com
Gabrielle Davis,howardmaurice@example.com,11/30/2022,Chicago,,2022-11-30,Gabrielle Davis,howardmaurice@example.com
LYNN ROSS MD,edwardshah@example.org,"December 01, 2022",Toronto,,2022-12-01,Lynn Ross Md,edwardshah@example.org
Rebekah Greene,erin07@example.com,12/02/2022,Munich,B,2022-12-02,Rebekah Greene,erin07@example.com
Douglas Lucero,watsonteresa@example.net,05-Dec-2022,Manchester,B,2022-12-05,Douglas Lucero,watsonteresa@example.net
SHANNON RIVERA,zroberts@example.net,07-Dec-2022,Paris,B,2022-12-07,Shannon Rivera,zroberts@example.net
Alfred Thomas,twilliams@example.com,2022-12-07,Toronto,,2022-12-07,Alfred Thomas,twilliams@example.com
Dustin Welch,mirandadavidson@example.com,"December 11, 2022",London,C,2022-12-11,Dustin Welch,mirandadavidson@example.com
KIM GOODWIN,olsondavid@example.net,14-Dec-2022,London,A,2022-12-14,Kim Goodwin,olsondavid@example.net
Brian Mullen,clarkmichael@example.com,"December 14, 2022",Singapore,B,2022-12-14,Brian Mullen,clarkmichael@example.com
Jessica Conrad,sbradley@example.org,"December 16, 2022",London,B,2022-12-16,Jessica Conrad,sbradley@example.org
Kenneth Larsen,briansmith@example.org,16-Dec-2022,Sydney,A,2022-12-16,Kenneth Larsen,briansmith@example.org
stephanie armstrong,petersonfrank@example.org,12/18/2022,Vancouver,,2022-12-18,Stephanie Armstrong,petersonfrank@example.org
Dr. Diana Chen,yoconnell@example.com,2022-12-19,Chicago,VIP,2022-12-19,Dr. Diana Chen,yoconnell@example.com
Lisa Craig,john02@example.org,12/21/2022,Paris,A,2022-12-21,Lisa Craig,john02@example.org
Samantha Jacobs,uunderwood@example.com,2022-12-23,London,B,2022-12-23,Samantha Jacobs,uunderwood@example.com
paula gentry,zhunter@example.com,2022-12-23,New York,C,2022-12-23,Paula Gentry,zhunter@example.com
Mrs. Stacey Davis,sean43@example.org,2022-12-26,Singapore,B,2022-12-26,Mrs. Stacey Davis,sean43@example.org
LINDA PATRICK,wernermichael@example.org,2022-12-27,Vancouver,VIP,2022-12-27,Linda Patrick,wernermichael@example.org
MASON MOORE,kchristian@example.org,2022-12-28,Chicago,B,2022-12-28,Mason Moore,kchristian@example.org
stacy church,qwalsh@example.org,12/30/2022,London,VIP,2022-12-30,Stacy Church,qwalsh@example.org
patrick snyder,lindseyroberts@example.org,30-Dec-2022,Toronto,A,2022-12-30,Patrick Snyder,lindseyroberts@example.org
Crystal Nguyen,michael40@example.org,01-Jan-2023,Melbourne,,2023-01-01,Crystal Nguyen,michael40@example.org
Nicholas Kelley,shawn00@example.net,2023-01-01,Manchester,B,2023-01-01,Nicholas Kelley,shawn00@example.net
James Wheeler,gstone@example.net,"January 06, 2023",Singapore,,2023-01-06,James Wheeler,gstone@example.net
anthony wong,cartercatherine@example.net,06-Jan-2023,Singapore,VIP,2023-01-06,Anthony Wong,cartercatherine@example.net
yolanda mccoy,hryan@example.net,"January 07, 2023",Mumbai,VIP,2023-01-07,Yolanda Mccoy,hryan@example.net
BRITTANY SNYDER,rachelwalter@example.org,09-Jan-2023,Bangkok,,2023-01-09,Brittany Snyder,rachelwalter@example.org
Victoria Valdez,contrerasangela@example.net,"January 11, 2023",Sydney,VIP,2023-01-11,Victoria Valdez,contrerasangela@example.net
SCOTT MILLER,rowejoel@example.net,"January 12, 2023",Sydney,A,2023-01-12,Scott Miller,rowejoel@example.net
alicia gilmore,wwoods@example.com,2023-01-14,Los Angeles,C,2023-01-14,Alicia Gilmore,wwoods@example.com
Benjamin Rodriguez,david16@example.org,01/14/2023,Melbourne,B,2023-01-14,Benjamin Rodriguez,david16@example.org
Charlotte Mason,tcastro@example.org,2023-01-15,Sydney,VIP,2023-01-15,Charlotte Mason,tcastro@example.org
karen williams,cohenjuan@example.net,2023-01-16,Sydney,,2023-01-16,Karen Williams,cohenjuan@example.net
James Burgess,kristina53@example.net,2023-01-17,Vancouver,A,2023-01-17,James Burgess,kristina53@example.net
Anthony Brown,cwhite@example.com,"January 19, 2023",Singapore,,2023-01-19,Anthony Brown,cwhite@example.com
John Juarez,bradleylee@example.net,20-Jan-2023,Vancouver,A,2023-01-20,John Juarez,bradleylee@example.net
Kelly Cole,ivanjohnson@example.net,01/21/2023,Los Angeles,C,2023-01-21,Kelly Cole,ivanjohnson@example.net
Michelle Munoz,chiggins@example.com,23-Jan-2023,Melbourne,B,2023-01-23,Michelle Munoz,chiggins@example.com
VALERIE THOMAS,christopher38@example.com,23-Jan-2023,Melbourne,A,2023-01-23,Valerie Thomas,christopher38@example.com
Todd David,shatfield@example.org,01/23/2023,Mumbai,C,2023-01-23,Todd David,shatfield@example.org
Stacy Williams,joneschristian@example.net,"January 24, 2023",London,A,2023-01-24,Stacy Williams,joneschristian@example.net
Samuel Olson,andres97@example.com,"January 25, 2023",Manchester,B,2023-01-25,Samuel Olson,andres97@example.com
Andrew Romero,ryan43@example.org,"January 28, 2023",Munich,C,2023-01-28,Andrew Romero,ryan43@example.org
wendy morgan,cannonkimberly@example.net,2023-01-28,London,A,2023-01-28,Wendy Morgan,cannonkimberly@example.net
Katherine Campos,albert64@example.net,29-Jan-2023,Mumbai,VIP,2023-01-29,Katherine Campos,albert64@example.net
Jasmine Mosley,patrick21@example.net,"January 29, 2023",Melbourne,C,2023-01-29,Jasmine Mosley,patrick21@example.net
Jose Rogers,amcdonald@example.com,"January 30, 2023",Singapore,B,2023-01-30,Jose Rogers,amcdonald@example.com
Johnny Jenkins,mary05@example.net,2023-01-31,Munich,A,2023-01-31,Johnny Jenkins,mary05@example.net
edward nicholson,ewilliams@example.org,2023-02-03,Chicago,A,2023-02-03,Edward Nicholson,ewilliams@example.org
Norma Smith,david88@example.net,02/04/2023,Manchester,B,2023-02-04,Norma Smith,david88@example.net
shannon jones,joshuawashington@example.net,02/07/2023,Los Angeles,A,2023-02-07,Shannon Jones,joshuawashington@example.net
Robert Wilson,amber40@example.net,"February 08, 2023",Chicago,B,2023-02-08,Robert Wilson,amber40@example.net
Craig Keller,angela71@example.net,2023-02-10,,A,2023-02-10,Craig Keller,angela71@example.net
andrew carroll,derek77@example.com,2023-02-11,Manchester,C,2023-02-11,Andrew Carroll,derek77@example.com
RODNEY CARTER,brownkevin@example.org,13-Feb-2023,Singapore,B,2023-02-13,Rodney Carter,brownkevin@example.org
Andrew Dunn,connersylvia@example.net,2023-02-15,Mumbai,,2023-02-15,Andrew Dunn,connersylvia@example.net
michael rosario,jamesmurphy@example.org,"February 15, 2023",London,VIP,2023-02-15,Michael Rosario,jamesmurphy@example.org
Mrs. Donna Rice,zbyrd@example.net,2023-02-16,Melbourne,C,2023-02-16,Mrs. Donna Rice,zbyrd@example.net
Kimberly Burnett,lbrown@example.net,16-Feb-2023,Manchester,,2023-02-16,Kimberly Burnett,lbrown@example.net
BETHANY GARCIA,nguyendebra@example.com,2023-02-18,New York,B,2023-02-18,Bethany Garcia,nguyendebra@example.com
anthony dougherty,kwright@example.com,21-Feb-2023,Mumbai,A,2023-02-21,Anthony Dougherty,kwright@example.com
Cheryl Perkins,harrislisa@example.org,2023-02-22,Berlin,B,2023-02-22,Cheryl Perkins,harrislisa@example.org
joshua brooks,michael77@example.com,23-Feb-2023,Sydney,C,2023-02-23,Joshua Brooks,michael77@example.com
Matthew Perez,xbrooks@example.com,2023-02-25,Los Angeles,,2023-02-25,Matthew Perez,xbrooks@example.com
kevin miles,hamiltonspencer@example.com,"March 02, 2023",Berlin,VIP,2023-03-02,Kevin Miles,hamiltonspencer@example.com
ALEJANDRA SANTOS,nbell@example.net,03/10/2023,Los Angeles,A,2023-03-10,Alejandra Santos,nbell@example.net
Joseph Jennings,jeffrey44@example.org,12-Mar-2023,London,C,2023-03-12,Joseph Jennings,jeffrey44@example.org
James Wallace,jamielopez@example.com,2023-03-14,Vancouver,VIP,2023-03-14,James Wallace,jamielopez@example.com
Alexandra Harper,paul34@example.com,"March 15, 2023",Melbourne,VIP,2023-03-15,Alexandra Harper,paul34@example.com
Amanda Davis,milleralan@example.org,"March 16, 2023",Mumbai,,2023-03-16,Amanda Davis,milleralan@example.org
Christopher Garza,wilsonbrooke@example.net,18-Mar-2023,Mumbai,A,2023-03-18,Christopher Garza,wilsonbrooke@example.net
BILLY WALLACE,youngmark@example.com,19-Mar-2023,Melbourne,,2023-03-19,Billy Wallace,youngmark@example.com
Brian Clark,kathleen47@example.net,03/20/2023,Chicago,A,2023-03-20,Brian Clark,kathleen47@example.net
James Fowler,rebecca18@example.org,20-Mar-2023,Singapore,,2023-03-20,James Fowler,rebecca18@example.org
Michael Evans,sarah10@example.com,24-Mar-2023,Bangkok,,2023-03-24,Michael Evans,sarah10@example.com
Mark Garrison,omoore@example.net,03/26/2023,Melbourne,C,2023-03-26,Mark Garrison,omoore@example.net
Kevin Hall,christopher69@example.org,27-Mar-2023,London,,2023-03-27,Kevin Hall,christopher69@example.org
Kelly Smith,mcdanielbrooke@example.org,03/27/2023,Manchester,B,2023-03-27,Kelly Smith,mcdanielbrooke@example.org
Traci Craig,gregoryrichardson@example.org,03/30/2023,Los Angeles,,2023-03-30,Traci Craig,gregoryrichardson@example.org
Veronica Flores,lauren28@example.net,"March 30, 2023",Mumbai,VIP,2023-03-30,Veronica Flores,lauren28@example.net
BRIDGET HERNANDEZ,ygriffith@example.com,"March 30, 2023",New York,A,2023-03-30,Bridget Hernandez,ygriffith@example.com
Michelle Harris,andrew43@example.org,03/31/2023,London,VIP,2023-03-31,Michelle Harris,andrew43@example.org
Phillip Dixon,kwalker@example.org,2023-03-31,,A,2023-03-31,Phillip Dixon,kwalker@example.org
Jared Luna,fernandezaaron@example.net,02-Apr-2023,Mumbai,VIP,2023-04-02,Jared Luna,fernandezaaron@example.net
Erin Carter,laurenboyd@example.com,2023-04-04,Berlin,C,2023-04-04,Erin Carter,laurenboyd@example.com
Travis Strong,reedchad@example.com,"April 07, 2023",Manchester,A,2023-04-07,Travis Strong,reedchad@example.com
Shelby Duncan,johnsonedward@example.net,"April 08, 2023",Los Angeles,VIP,2023-04-08,Shelby Duncan,johnsonedward@example.net
Cassidy Horne,tranrobin@example.net,09-Apr-2023,Sydney,C,2023-04-09,Cassidy Horne,tranrobin@example.net
Karen Perez,crosscurtis@example.com,04/09/2023,Singapore,B,2023-04-09,Karen Perez,crosscurtis@example.com
Jonathan Rodgers,sjohnson@example.com,10-Apr-2023,Sydney,B,2023-04-10,Jonathan Rodgers,sjohnson@example.com
Shari Sharp,morriskatherine@example.net,"April 11, 2023",Manchester,,2023-04-11,Shari Sharp,morriskatherine@example.net
VICTORIA GUERRA,kara01@example.org,"April 11, 2023",Manchester,,2023-04-11,Victoria Guerra,kara01@example.org
Angela Gonzales,pduran@example.net,2023-04-12,Los Angeles,C,2023-04-12,Angela Gonzales,pduran@example.net
Samantha Davis,darleneharper@example.org,12-Apr-2023,Munich,C,2023-04-12,Samantha Davis,darleneharper@example.org
Melissa Garner,lozanojulie@example.com,12-Apr-2023,New York,VIP,2023-04-12,Melissa Garner,lozanojulie@example.com
LYNN DAVIS,pcurry@example.net,2023-04-14,Singapore,,2023-04-14,Lynn Davis,pcurry@example.net
Destiny Daniel,qjones@example.com,2023-04-14,Berlin,C,2023-04-14,Destiny Daniel,qjones@example.com
michael thompson,ocampbell@example.com,2023-04-16,Chicago,C,2023-04-16,Michael Thompson,ocampbell@example.com
Mariah Perry,montesmichelle@example.org,16-Apr-2023,Manchester,,2023-04-16,Mariah Perry,montesmichelle@example.org
HAROLD GARRETT,wendyirwin@example.com,04/17/2023,Vancouver,,2023-04-17,Harold Garrett,wendyirwin@example.com
jill jackson,flynnjeffrey@example.org,18-Apr-2023,Chicago,B,2023-04-18,Jill Jackson,flynnjeffrey@example.org
Rachael Jones,watsonbrittany@example.org,21-Apr-2023,London,VIP,2023-04-21,Rachael Jones,watsonbrittany@example.org
Valerie Barnes,jennifer55@example.org,04/24/2023,Munich,B,2023-04-24,Valerie Barnes,jennifer55@example.org
David Bradley,millertodd@example.org,04/24/2023,Vancouver,B,2023-04-24,David Bradley,millertodd@example.org
MARK DENNIS,clarkdavid@example.net,"April 25, 2023",Paris,VIP,2023-04-25,Mark Dennis,clarkdavid@example.net
Heidi Johnson,kaylarobbins@example.net,"April 26, 2023",Sydney,,2023-04-26,Heidi Johnson,kaylarobbins@example.net
Ashley Osborne,phillipmorris@example.org,01-May-2023,Bangkok,A,2023-05-01,Ashley Osborne,phillipmorris@example.org
Sheryl Acosta,timothyfreeman@example.com,05/02/2023,Berlin,VIP,2023-05-02,Sheryl Acosta,timothyfreeman@example.com
Janet Jarvis,richard28@example.org,02-May-2023,Chicago,C,2023-05-02,Janet Jarvis,richard28@example.org
Carl Huffman,wallssean@example.net,05/04/2023,Chicago,C,2023-05-04,Carl Huffman,wallssean@example.net
Kelly Weiss,barbarabrady@example.net,2023-05-11,Sydney,B,2023-05-11,Kelly Weiss,barbarabrady@example.net
EVELYN PACHECO,davisgary@example.com,13-May-2023,London,C,2023-05-13,Evelyn Pacheco,davisgary@example.com
JOHN BELL,ssingleton@example.com,05/16/2023,Vancouver,C,2023-05-16,John Bell,ssingleton@example.com
Monica Richardson,mariahill@example.net,2023-05-19,Munich,C,2023-05-19,Monica Richardson,mariahill@example.net
Patty Allen,barrettamber@example.com,19-May-2023,Munich,VIP,2023-05-19,Patty Allen,barrettamber@example.com
Tracie Costa,kristi19@example.org,20-May-2023,,,2023-05-20,Tracie Costa,kristi19@example.org
Anthony Knapp,rfleming@example.net,20-May-2023,London,VIP,2023-05-20,Anthony Knapp,rfleming@example.net
megan davis dds,phill@example.com,"May 21, 2023",Mumbai,VIP,2023-05-21,Megan Davis Dds,phill@example.com
Jesse Welch,jacob34@example.org,2023-05-22,Los Angeles,,2023-05-22,Jesse Welch,jacob34@example.org
Samuel Roberts,ashleynash@example.org,"May 23, 2023",Toronto,C,2023-05-23,Samuel Roberts,ashleynash@example.org
JOHN WILLIAMS,durhamwilliam@example.org,2023-05-23,Munich,C,2023-05-23,John Williams,durhamwilliam@example.org
David Rodriguez,brownaustin@example.com,2023-05-23,London,VIP,2023-05-23,David Rodriguez,brownaustin@example.com
JUSTIN LEE,montgomerymichelle@example.net,05/24/2023,Paris,VIP,2023-05-24,Justin Lee,montgomerymichelle@example.net
ANDREW MITCHELL,holmesvictoria@example.com,2023-05-26,Munich,A,2023-05-26,Andrew Mitchell,holmesvictoria@example.com
Sarah Meadows,boydmichael@example.org,06/03/2023,Bangkok,VIP,2023-06-03,Sarah Meadows,boydmichael@example.org
Corey Weeks,alexgarcia@example.net,04-Jun-2023,Chicago,C,2023-06-04,Corey Weeks,alexgarcia@example.net
James Miller PhD,ryanpatricia@example.net,06/05/2023,Chicago,,2023-06-05,James Miller Phd,ryanpatricia@example.net
Jason Payne,petersonfaith@example.net,06/10/2023,Munich,VIP,2023-06-10,Jason Payne,petersonfaith@example.net
Cody Jones,juanfranklin@example.net,2023-06-11,Mumbai,B,2023-06-11,Cody Jones,juanfranklin@example.net
JACOB CAMPOS,robert24@example.org,13-Jun-2023,New York,VIP,2023-06-13,Jacob Campos,robert24@example.org
Joshua Gonzalez,pmiller@example.org,2023-06-14,Los Angeles,C,2023-06-14,Joshua Gonzalez,pmiller@example.org
ROBERT BURNS,kelleycarlos@example.org,06/14/2023,Mumbai,,2023-06-14,Robert Burns,kelleycarlos@example.org
John Bennett,wmccarthy@example.org,15-Jun-2023,New York,,2023-06-15,John Bennett,wmccarthy@example.org
Andrew Acosta,robinsonrose@example.org,"June 15, 2023",Melbourne,C,2023-06-15,Andrew Acosta,robinsonrose@example.org
Katherine Williams,heather77@example.net,"June 16, 2023",Chicago,VIP,2023-06-16,Katherine Williams,heather77@example.net
COREY FLOWERS,perezstacy@example.org,"June 17, 2023",Paris,B,2023-06-17,Corey Flowers,perezstacy@example.org
Kirk Johnson,gary59@example.com,19-Jun-2023,Bangkok,VIP,2023-06-19,Kirk Johnson,gary59@example.com
TINA DAVIS,christopher74@example.net,06/20/2023,Toronto,A,2023-06-20,Tina Davis,christopher74@example.net
Joseph Moody,gallagherstacie@example.net,"June 22, 2023",Berlin,B,2023-06-22,Joseph Moody,gallagherstacie@example.net
dorothy bowman,sara40@example.net,2023-06-25,Berlin,B,2023-06-25,Dorothy Bowman,sara40@example.net
Matthew Smith,conwaylori@example.org,06/26/2023,Singapore,VIP,2023-06-26,Matthew Smith,conwaylori@example.org
Jennifer Simpson DVM,nancy04@example.net,26-Jun-2023,Los Angeles,B,2023-06-26,Jennifer Simpson Dvm,nancy04@example.net
Todd Rosales MD,lisarivera@example.net,"June 29, 2023",Vancouver,A,2023-06-29,Todd Rosales Md,lisarivera@example.net
Sarah Solis,ypatterson@example.org,"June 30, 2023",Toronto,C,2023-06-30,Sarah Solis,ypatterson@example.org
Samuel Avila,franciscoreid@example.net,07/01/2023,New York,B,2023-07-01,Samuel Avila,franciscoreid@example.net
Gail Wilson,davidwalker@example.com,02-Jul-2023,Vancouver,C,2023-07-02,Gail Wilson,davidwalker@example.com
Samuel Williams,jburke@example.org,07/05/2023,Melbourne,A,2023-07-05,Samuel Williams,jburke@example.org
Mary Gomez,chensley@example.com,"July 06, 2023",Mumbai,C,2023-07-06,Mary Gomez,chensley@example.com
Jeremy Martinez,hphillips@example.net,2023-07-07,Mumbai,VIP,2023-07-07,Jeremy Martinez,hphillips@example.net
TANYA SHANNON,amanda21@example.com,"July 08, 2023",Los Angeles,A,2023-07-08,Tanya Shannon,amanda21@example.com
linda bautista,daniellegonzales@example.org,08-Jul-2023,New York,A,2023-07-08,Linda Bautista,daniellegonzales@example.org
Tina Olson,johnjackson@example.net,2023-07-09,Manchester,,2023-07-09,Tina Olson,johnjackson@example.net
Monique Duarte,freemantodd@example.net,"July 13, 2023",London,VIP,2023-07-13,Monique Duarte,freemantodd@example.net
KATHRYN SNYDER,georgepamela@example.net,2023-07-14,Paris,,2023-07-14,Kathryn Snyder,georgepamela@example.net
Miss Patricia Davidson,edwardstewart@example.org,2023-07-14,Singapore,VIP,2023-07-14,Miss Patricia Davidson,edwardstewart@example.org
Mark Brown,mjones@example.org,"July 16, 2023",London,,2023-07-16,Mark Brown,mjones@example.org
Ashley Parrish,juliahoffman@example.org,"July 19, 2023",Bangkok,VIP,2023-07-19,Ashley Parrish,juliahoffman@example.org
CARLA HOOVER,jenniferrodriguez@example.org,2023-07-19,Melbourne,B,2023-07-19,Carla Hoover,jenniferrodriguez@example.org
ANNA EVANS,priscilla16@example.net,20-Jul-2023,Manchester,,2023-07-20,Anna Evans,priscilla16@example.net
Angelica Long,alexis58@example.com,07/24/2023,Manchester,B,2023-07-24,Angelica Long,alexis58@example.com
Elizabeth Martinez,whernandez@example.net,2023-07-24,London,B,2023-07-24,Elizabeth Martinez,whernandez@example.net
Lisa Reynolds,ywilliams@example.com,"July 24, 2023",Toronto,A,2023-07-24,Lisa Reynolds,ywilliams@example.com
eric hunter,katherine82@example.com,"July 26, 2023",Toronto,VIP,2023-07-26,Eric Hunter,katherine82@example.com
Luke Reynolds,lbartlett@example.net,2023-07-27,Melbourne,C,2023-07-27,Luke Reynolds,lbartlett@example.net
Gerald Mcdonald Jr.,hthomas@example.com,02-Aug-2023,Manchester,,2023-08-02,Gerald Mcdonald Jr.,hthomas@example.com
Lisa Beard,tracifoster@example.org,02-Aug-2023,Singapore,A,2023-08-02,Lisa Beard,tracifoster@example.org
Gina Barnes,sfarmer@example.net,2023-08-03,Melbourne,VIP,2023-08-03,Gina Barnes,sfarmer@example.net
Lisa Jackson,mitchell21@example.net,2023-08-04,Chicago,A,2023-08-04,Lisa Jackson,mitchell21@example.net
Craig Mathis,suzanne19@example.net,08/05/2023,Munich,B,2023-08-05,Craig Mathis,suzanne19@example.net
Eric Acosta,shannon69@example.com,"August 09, 2023",Melbourne,VIP,2023-08-09,Eric Acosta,shannon69@example.com
JESSICA GLASS,jamesbrooks@example.net,08/11/2023,Munich,B,2023-08-11,Jessica Glass,jamesbrooks@example.net
Derrick Johnson,karla66@example.net,19-Aug-2023,Berlin,,2023-08-19,Derrick Johnson,karla66@example.net
deanna griffith,kwoods@example.com,"August 22, 2023",Manchester,B,2023-08-22,Deanna Griffith,kwoods@example.com
Melanie Johnson,hthompson@example.org,2023-08-22,,B,2023-08-22,Melanie Johnson,hthompson@example.org
Victoria Dixon,katrinarodriguez@example.com,08/22/2023,Singapore,B,2023-08-22,Victoria Dixon,katrinarodriguez@example.com
RAYMOND HALL,kpeterson@example.net,"August 23, 2023",Singapore,VIP,2023-08-23,Raymond Hall,kpeterson@example.net
Michelle Greer,gutierrezmatthew@example.com,"August 24, 2023",Manchester,VIP,2023-08-24,Michelle Greer,gutierrezmatthew@example.com
Paula Shepherd,jacquelineyoung@example.org,08/24/2023,Manchester,C,2023-08-24,Paula Shepherd,jacquelineyoung@example.org
Melinda Evans,barkereric@example.com,"August 25, 2023",Melbourne,C,2023-08-25,Melinda Evans,barkereric@example.com
Kendra Peterson,lindsay25@example.net,08/26/2023,Melbourne,B,2023-08-26,Kendra Peterson,lindsay25@example.net
Dr. Sharon James,xreid@example.org,26-Aug-2023,Vancouver,,2023-08-26,Dr. Sharon James,xreid@example.org
Kyle Flores,crystal58@example.net,08/27/2023,Berlin,C,2023-08-27,Kyle Flores,crystal58@example.net
Curtis Morgan,donnagiles@example.com,2023-08-27,Paris,A,2023-08-27,Curtis Morgan,donnagiles@example.com
christine watson,barryyoung@example.com,27-Aug-2023,Chicago,B,2023-08-27,Christine Watson,barryyoung@example.com
andrea hartman,susan57@example.net,2023-08-28,Chicago,VIP,2023-08-28,Andrea Hartman,susan57@example.net
Natalie Juarez,colemanjonathan@example.org,29-Aug-2023,Melbourne,VIP,2023-08-29,Natalie Juarez,colemanjonathan@example.org
Heather Bolton,danielle01@example.net,2023-08-31,Berlin,VIP,2023-08-31,Heather Bolton,danielle01@example.net
brett owen,welchkristen@example.net,"September 01, 2023",London,C,2023-09-01,Brett Owen,welchkristen@example.net
Mary Johnson,sharon95@example.com,09/06/2023,Chicago,B,2023-09-06,Mary Johnson,sharon95@example.com
Eddie Adams,cnelson@example.com,2023-09-07,Los Angeles,B,2023-09-07,Eddie Adams,cnelson@example.com
Angela Wade,michelle10@example.org,07-Sep-2023,Melbourne,A,2023-09-07,Angela Wade,michelle10@example.org
Hannah Martin,savannahgrant@example.com,09/08/2023,Chicago,B,2023-09-08,Hannah Martin,savannahgrant@example.com
Jacqueline Villegas,carpenterwilliam@example.net,"September 14, 2023",Toronto,VIP,2023-09-14,Jacqueline Villegas,carpenterwilliam@example.net
Lisa Cohen,martintamara@example.org,2023-09-16,Mumbai,VIP,2023-09-16,Lisa Cohen,martintamara@example.org
KYLE DAVIS,nshepherd@example.org,"September 17, 2023",London,A,2023-09-17,Kyle Davis,nshepherd@example.org
krista barber,michael43@example.net,2023-09-18,Chicago,VIP,2023-09-18,Krista Barber,michael43@example.net
CHRISTOPHER BRADLEY,wilsonmatthew@example.com,18-Sep-2023,Singapore,C,2023-09-18,Christopher Bradley,wilsonmatthew@example.com
Caroline Edwards,jenniferdavidson@example.com,"September 25, 2023",Berlin,C,2023-09-25,Caroline Edwards,jenniferdavidson@example.com
Anthony Velasquez,janet65@example.com,09/28/2023,Paris,,2023-09-28,Anthony Velasquez,janet65@example.com
TRACI CAMACHO,susan08@example.net,09/29/2023,Singapore,C,2023-09-29,Traci Camacho,susan08@example.net
Lisa Mcknight,jonessamantha@example.com,10/01/2023,Toronto,VIP,2023-10-01,Lisa Mcknight,jonessamantha@example.com
helen strickland,owright@example.org,02-Oct-2023,Vancouver,B,2023-10-02,Helen Strickland,owright@example.org
Ralph Lee,ericphillips@example.org,2023-10-02,Berlin,A,2023-10-02,Ralph Lee,ericphillips@example.org
Lauren Anthony,ymitchell@example.com,10/03/2023,Vancouver,B,2023-10-03,Lauren Anthony,ymitchell@example.com
JUSTIN WEBB,becky62@example.net,10/11/2023,Manchester,VIP,2023-10-11,Justin Webb,becky62@example.net
Diane Martinez,oacosta@example.org,10/11/2023,Berlin,A,2023-10-11,Diane Martinez,oacosta@example.org
CLIFFORD CANNON,hernandezalan@example.net,10/12/2023,Munich,C,2023-10-12,Clifford Cannon,hernandezalan@example.net
connor walsh,cherryjulie@example.net,"October 12, 2023",Sydney,B,2023-10-12,Connor Walsh,cherryjulie@example.net
SAMUEL PHILLIPS,andrea23@example.org,10/14/2023,Chicago,,2023-10-14,Samuel Phillips,andrea23@example.org
Barbara Lewis,marcus06@example.net,2023-10-18,Vancouver,VIP,2023-10-18,Barbara Lewis,marcus06@example.net
Brittany Barnett,hmitchell@example.org,20-Oct-2023,Berlin,VIP,2023-10-20,Brittany Barnett,hmitchell@example.org
Tanya Clark,mariolee@example.com,10/22/2023,Manchester,A,2023-10-22,Tanya Clark,mariolee@example.com
David Hayes DVM,aliciathompson@example.com,2023-10-26,Bangkok,A,2023-10-26,David Hayes Dvm,aliciathompson@example.com
BRETT ATKINS,julie01@example.net,10/26/2023,,A,2023-10-26,Brett Atkins,julie01@example.net
Danielle Phillips,eandrade@example.org,27-Oct-2023,Mumbai,VIP,2023-10-27,Danielle Phillips,eandrade@example.org
Jennifer Pena,charlesharrington@example.com,"October 28, 2023",Vancouver,A,2023-10-28,Jennifer Pena,charlesharrington@example.com
LINDA BURNS,hickmannatasha@example.com,"October 29, 2023",Munich,A,2023-10-29,Linda Burns,hickmannatasha@example.com
ANDREW FORD,rwheeler@example.org,2023-10-30,Berlin,A,2023-10-30,Andrew Ford,rwheeler@example.org
Taylor Stein,dhall@example.net,2023-11-01,Munich,VIP,2023-11-01,Taylor Stein,dhall@example.net
Alfred Leonard,taylormichael@example.net,04-Nov-2023,Melbourne,,2023-11-04,Alfred Leonard,taylormichael@example.net
Deborah Juarez,mcarson@example.org,11/06/2023,London,C,2023-11-06,Deborah Juarez,mcarson@example.org
Anthony Hayes,marilyn67@example.net,"November 07, 2023",Paris,A,2023-11-07,Anthony Hayes,marilyn67@example.net
christopher park,sandra50@example.org,2023-11-07,Paris,B,2023-11-07,Christopher Park,sandra50@example.org
Jeremy Mcintyre,wfigueroa@example.net,"November 09, 2023",Melbourne,,2023-11-09,Jeremy Mcintyre,wfigueroa@example.net
Tonya Ellis,bmosley@example.com,2023-11-10,New York,,2023-11-10,Tonya Ellis,bmosley@example.com
LAURA ACOSTA,shannon75@example.com,2023-11-15,Vancouver,,2023-11-15,Laura Acosta,shannon75@example.com
STEPHANIE DOMINGUEZ,dhanson@example.net,2023-11-15,Paris,VIP,2023-11-15,Stephanie Dominguez,dhanson@example.net
Jason Beck,millsmichael@example.net,17-Nov-2023,Chicago,VIP,2023-11-17,Jason Beck,millsmichael@example.net
FRANCISCO ESTRADA,meganjames@example.org,2023-11-18,London,C,2023-11-18,Francisco Estrada,meganjames@example.org
Michelle Butler,welchjennifer@example.net,18-Nov-2023,Manchester,C,2023-11-18,Michelle Butler,welchjennifer@example.net
Alexandra Green,kennethjohnson@example.net,2023-11-20,Chicago,A,2023-11-20,Alexandra Green,kennethjohnson@example.net
Erica Richard,rhill@example.net,20-Nov-2023,Singapore,B,2023-11-20,Erica Richard,rhill@example.net
Shannon Medina,bhess@example.com,20-Nov-2023,Chicago,,2023-11-20,Shannon Medina,bhess@example.com
TYLER MCDONALD,davidsmith@example.net,21-Nov-2023,Bangkok,C,2023-11-21,Tyler Mcdonald,davidsmith@example.net
Lorraine Gibbs,aarongonzalez@example.com,21-Nov-2023,Paris,VIP,2023-11-21,Lorraine Gibbs,aarongonzalez@example.com
Eric Rosales,ncruz@example.net,22-Nov-2023,Los Angeles,A,2023-11-22,Eric Rosales,ncruz@example.net
Robin Cabrera,villamiranda@example.com,"November 23, 2023",Vancouver,B,2023-11-23,Robin Cabrera,villamiranda@example.com
Matthew Le,megan90@example.org,11/24/2023,Paris,,2023-11-24,Matthew Le,megan90@example.org
sarah pittman,kellyruiz@example.net,11/26/2023,Singapore,VIP,2023-11-26,Sarah Pittman,kellyruiz@example.net
charles morales,figueroapatricia@example.org,11/29/2023,Sydney,B,2023-11-29,Charles Morales,figueroapatricia@example.org
kim martinez,karroyo@example.com,2023-11-29,Melbourne,,2023-11-29,Kim Martinez,karroyo@example.com
RACHEL CHAN,jeremy47@example.com,11/29/2023,Bangkok,A,2023-11-29,Rachel Chan,jeremy47@example.com
sarah robinson,collinsjavier@example.org,30-Nov-2023,Chicago,B,2023-11-30,Sarah Robinson,collinsjavier@example.org
Kyle Nguyen,shortgregory@example.com,30-Nov-2023,Vancouver,A,2023-11-30,Kyle Nguyen,shortgregory@example.com
Zachary Mccarthy,nwelch@example.com,01-Dec-2023,Manchester,A,2023-12-01,Zachary Mccarthy,nwelch@example.com
Kimberly Adams,cdouglas@example.org,12/01/2023,Manchester,VIP,2023-12-01,Kimberly Adams,cdouglas@example.org
Kimberly Matthews,nicolepena@example.com,12/06/2023,Melbourne,VIP,2023-12-06,Kimberly Matthews,nicolepena@example.com
Heather Brown,brobinson@example.org,07-Dec-2023,Paris,A,2023-12-07,Heather Brown,brobinson@example.org
Tammy Schultz,sdavis@example.com,2023-12-07,Vancouver,B,2023-12-07,Tammy Schultz,sdavis@example.com
Rebecca Martin,williamsleslie@example.org,07-Dec-2023,London,,2023-12-07,Rebecca Martin,williamsleslie@example.org
WILLIAM WALKER DVM,michael95@example.org,"December 07, 2023",Melbourne,VIP,2023-12-07,William Walker Dvm,michael95@example.org
Tiffany Peterson,sandra57@example.org,08-Dec-2023,Paris,B,2023-12-08,Tiffany Peterson,sandra57@example.org
MIGUEL PARKS,tinasantos@example.org,15-Dec-2023,Berlin,VIP,2023-12-15,Miguel Parks,tinasantos@example.org
Brian Moore,christopherjackson@example.net,12/15/2023,Paris,B,2023-12-15,Brian Moore,christopherjackson@example.net
Jennifer Ayers,williamadams@example.net,"December 16, 2023",New York,C,2023-12-16,Jennifer Ayers,williamadams@example.net
Preston Kim,bshort@example.com,12/17/2023,Chicago,C,2023-12-17,Preston Kim,bshort@example.com
Christina Williams,rjimenez@example.com,2023-12-19,Toronto,,2023-12-19,Christina Williams,rjimenez@example.com
Arthur Roberts,omatthews@example.net,2023-12-21,Munich,C,2023-12-21,Arthur Roberts,omatthews@example.net
James Wilson,maychristine@example.net,21-Dec-2023,Melbourne,B,2023-12-21,James Wilson,maychristine@example.net
Kelli Shepard,qbutler@example.net,24-Dec-2023,Singapore,VIP,2023-12-24,Kelli Shepard,qbutler@example.net
Christopher Moore,omullen@example.com,"December 24, 2023",Bangkok,B,2023-12-24,Christopher Moore,omullen@example.com
samuel rivas,ramirezshannon@example.com,01/03/2024,London,VIP,2024-01-03,Samuel Rivas,ramirezshannon@example.com
Jennifer Sampson,gbraun@example.org,2024-01-04,New York,B,2024-01-04,Jennifer Sampson,gbraun@example.org
Mr. Ralph Dawson,angelica33@example.net,2024-01-07,Toronto,,2024-01-07,Mr. Ralph Dawson,angelica33@example.net
Kimberly Rodgers,stanleynancy@example.net,2024-01-16,Los Angeles,B,2024-01-16,Kimberly Rodgers,stanleynancy@example.net
Antonio Small,goodmanalice@example.org,"January 16, 2024",Berlin,A,2024-01-16,Antonio Small,goodmanalice@example.org
ZACHARY WILKINSON,munozrobert@example.com,2024-01-17,Mumbai,C,2024-01-17,Zachary Wilkinson,munozrobert@example.com
JAIME FISCHER,crystal32@example.net,17-Jan-2024,Chicago,C,2024-01-17,Jaime Fischer,crystal32@example.net
Sheryl Buck,dpeters@example.com,22-Jan-2024,Melbourne,VIP,2024-01-22,Sheryl Buck,dpeters@example.com
Scott Fuller,jeromeanderson@example.org,2024-01-23,Chicago,A,2024-01-23,Scott Fuller,jeromeanderson@example.org
Shari Parker,russellstout@example.org,"January 25, 2024",Melbourne,A,2024-01-25,Shari Parker,russellstout@example.org
SARAH DAVIS,jasonrodriguez@example.com,2024-02-01,Singapore,B,2024-02-01,Sarah Davis,jasonrodriguez@example.com
eric cross,lroberts@example.org,03-Feb-2024,Munich,B,2024-02-03,Eric Cross,lroberts@example.org
Robert Mckay,chamilton@example.com,04-Feb-2024,Sydney,C,2024-02-04,Robert Mckay,chamilton@example.com
Judy Robinson,erica96@example.net,02/06/2024,Melbourne,A,2024-02-06,Judy Robinson,erica96@example.net
Thomas Bailey,peter64@example.com,"February 07, 2024",Mumbai,VIP,2024-02-07,Thomas Bailey,peter64@example.com
brian simmons,jose86@example.net,"February 10, 2024",Berlin,B,2024-02-10,Brian Simmons,jose86@example.net
Zachary Morrison,john76@example.com,"February 11, 2024",New York,B,2024-02-11,Zachary Morrison,john76@example.com
Mary Thompson,zimmermanjacqueline@example.org,02/13/2024,,A,2024-02-13,Mary Thompson,zimmermanjacqueline@example.org
Bradley Reynolds,lisa80@example.net,02/13/2024,Berlin,B,2024-02-13,Bradley Reynolds,lisa80@example.net
Rachel Hill,jamesparker@example.net,"February 17, 2024",Singapore,C,2024-02-17,Rachel Hill,jamesparker@example.net
Breanna Jimenez,sullivanchristina@example.net,"February 18, 2024",Vancouver,,2024-02-18,Breanna Jimenez,sullivanchristina@example.net
Brent Hopkins,conleydavid@example.org,19-Feb-2024,Paris,B,2024-02-19,Brent Hopkins,conleydavid@example.org
hector anderson,vgarcia@example.com,2024-02-21,Toronto,VIP,2024-02-21,Hector Anderson,vgarcia@example.com
MICHAEL BURTON,terrykevin@example.net,2024-02-22,Toronto,B,2024-02-22,Michael Burton,terrykevin@example.net
Juan Smith,james73@example.net,2024-02-22,Singapore,,2024-02-22,Juan Smith,james73@example.net
Eddie Mueller,stevenvargas@example.com,02/25/2024,Vancouver,A,2024-02-25,Eddie Mueller,stevenvargas@example.com
Martin Hughes,nicole52@example.com,2024-02-26,Melbourne,B,2024-02-26,Martin Hughes,nicole52@example.com
Richard Lyons,brooke22@example.net,02/26/2024,Vancouver,B,2024-02-26,Richard Lyons,brooke22@example.net
FRANK ARMSTRONG,mmathews@example.net,27-Feb-2024,New York,B,2024-02-27,Frank Armstrong,mmathews@example.net
jennifer barnes,danamontgomery@example.org,"March 02, 2024",Sydney,A,2024-03-02,Jennifer Barnes,danamontgomery@example.org
cynthia rios,smiththomas@example.org,03-Mar-2024,Los Angeles,VIP,2024-03-03,Cynthia Rios,smiththomas@example.org
victoria frost,kimberlyrussell@example.net,"March 04, 2024",Chicago,A,2024-03-04,Victoria Frost,kimberlyrussell@example.net
Sandra Dawson,fcastro@example.net,"March 05, 2024",Toronto,,2024-03-05,Sandra Dawson,fcastro@example.net
Sarah Taylor,asmith@example.org,2024-03-06,Bangkok,VIP,2024-03-06,Sarah Taylor,asmith@example.org
Michele Lewis,heather73@example.org,07-Mar-2024,Sydney,VIP,2024-03-07,Michele Lewis,heather73@example.org
jesus flores,corythompson@example.org,2024-03-09,Bangkok,A,2024-03-09,Jesus Flores,corythompson@example.org
JEFFERY TAYLOR,nwilson@example.com,2024-03-10,Manchester,B,2024-03-10,Jeffery Taylor,nwilson@example.com
Douglas Mack,matthew24@example.com,03/12/2024,Vancouver,B,2024-03-12,Douglas Mack,matthew24@example.com
Alicia Martin,lisa11@example.org,"March 15, 2024",New York,,2024-03-15,Alicia Martin,lisa11@example.org
Melissa Russell,davidphillips@example.net,16-Mar-2024,Berlin,,2024-03-16,Melissa Russell,davidphillips@example.net
Sherry Brewer,claire06@example.net,16-Mar-2024,Berlin,C,2024-03-16,Sherry Brewer,claire06@example.net
Sarah Mcfarland,hbrown@example.org,16-Mar-2024,Chicago,VIP,2024-03-16,Sarah Mcfarland,hbrown@example.org
Audrey Reyes,andersonhenry@example.org,03/17/2024,Vancouver,,2024-03-17,Audrey Reyes,andersonhenry@example.org
Ashley Jones,calvin93@example.org,2024-03-18,Paris,B,2024-03-18,Ashley Jones,calvin93@example.org
christine arroyo,dcortez@example.com,03/19/2024,Melbourne,,2024-03-19,Christine Arroyo,dcortez@example.com
Richard Hays,noblechristina@example.org,"March 20, 2024",Sydney,C,2024-03-20,Richard Hays,noblechristina@example.org
FRANCES CARDENAS,emilywalker@example.org,"March 21, 2024",Singapore,VIP,2024-03-21,Frances Cardenas,emilywalker@example.org
Erin Mason,allenphillip@example.com,"March 24, 2024",London,A,2024-03-24,Erin Mason,allenphillip@example.com
Arthur Pena,busherica@example.net,03/24/2024,New York,VIP,2024-03-24,Arthur Pena,busherica@example.net
Logan Sullivan,millermatthew@example.com,26-Mar-2024,,VIP,2024-03-26,Logan Sullivan,millermatthew@example.com
Tamara Roberts,foxlinda@example.org,03/29/2024,Vancouver,,2024-03-29,Tamara Roberts,foxlinda@example.org
EILEEN GUTIERREZ,andersonmeghan@example.net,30-Mar-2024,New York,B,2024-03-30,Eileen Gutierrez,andersonmeghan@example.net
Melissa Grant,lpearson@example.org,03/30/2024,New York,VIP,2024-03-30,Melissa Grant,lpearson@example.org
Kevin Anderson,bstrickland@example.com,04/01/2024,Vancouver,A,2024-04-01,Kevin Anderson,bstrickland@example.com
Christina Myers,meyerskathryn@example.com,04/01/2024,Chicago,,2024-04-01,Christina Myers,meyerskathryn@example.com
Allison Love,millerbrian@example.com,"April 02, 2024",Los Angeles,A,2024-04-02,Allison Love,millerbrian@example.com
Shane Edwards,jbuchanan@example.com,"April 04, 2024",Mumbai,,2024-04-04,Shane Edwards,jbuchanan@example.com
leah jacobs,debraclark@example.com,2024-04-06,Paris,A,2024-04-06,Leah Jacobs,debraclark@example.com
Daniel Edwards,shelby69@example.org,04/07/2024,Manchester,B,2024-04-07,Daniel Edwards,shelby69@example.org
Zachary Brooks,florescory@example.net,"April 11, 2024",Sydney,,2024-04-11,Zachary Brooks,florescory@example.net
Frank Campbell MD,ashleewashington@example.com,"April 12, 2024",London,,2024-04-12,Frank Campbell Md,ashleewashington@example.com
Candice Ramirez,michael12@example.net,2024-04-12,Manchester,A,2024-04-12,Candice Ramirez,michael12@example.net
Michelle Miller,,04/12/2024,Toronto,B,2024-04-12,Michelle Miller,
Paul Moss,coxmelissa@example.org,04/18/2024,,C,2024-04-18,Paul Moss,coxmelissa@example.org
Brittany Brown,fjohnson@example.com,04/18/2024,Vancouver,B,2024-04-18,Brittany Brown,fjohnson@example.com
Richard Johnson,jessica14@example.com,"April 19, 2024",Sydney,A,2024-04-19,Richard Johnson,jessica14@example.com
David Grant,yobrien@example.net,2024-04-25,Paris,A,2024-04-25,David Grant,yobrien@example.net
Jeanette Butler,laura29@example.org,"April 26, 2024",Melbourne,VIP,2024-04-26,Jeanette Butler,laura29@example.org
JAMES CHAPMAN,cameronwilliams@example.com,26-Apr-2024,New York,VIP,2024-04-26,James Chapman,cameronwilliams@example.com
ALEXANDER JOHNSON,jjohnson@example.com,2024-04-26,,VIP,2024-04-26,Alexander Johnson,jjohnson@example.com
Craig Morrison,thompsonkendra@example.com,2024-04-28,Sydney,B,2024-04-28,Craig Morrison,thompsonkendra@example.com
Adam Guerra,lhernandez@example.com,"May 03, 2024",Bangkok,,2024-05-03,Adam Guerra,lhernandez@example.com
Sarah Bishop,markblack@example.com,"May 03, 2024",Paris,VIP,2024-05-03,Sarah Bishop,markblack@example.com
John Blair,andrew22@example.com,05/03/2024,Berlin,B,2024-05-03,John Blair,andrew22@example.com
Lisa Haynes,grivas@example.net,05-May-2024,Berlin,B,2024-05-05,Lisa Haynes,grivas@example.net
Brett Keith,florescynthia@example.org,05-May-2024,Los Angeles,,2024-05-05,Brett Keith,florescynthia@example.org
HEATHER MORALES,jenniferwilson@example.com,07-May-2024,London,VIP,2024-05-07,Heather Morales,jenniferwilson@example.com
adam daniels,lawsonpaul@example.org,08-May-2024,Chicago,,2024-05-08,Adam Daniels,lawsonpaul@example.org
SARAH WALLACE,gonzalessteven@example.com,"May 10, 2024",Singapore,A,2024-05-10,Sarah Wallace,gonzalessteven@example.com
James Miller,daniel15@example.org,05/10/2024,Vancouver,VIP,2024-05-10,James Miller,daniel15@example.org
donna cabrera,barbara53@example.com,"May 12, 2024",Sydney,A,2024-05-12,Donna Cabrera,barbara53@example.com
Jessica Holmes,wrightcaleb@example.org,05/12/2024,Munich,VIP,2024-05-12,Jessica Holmes,wrightcaleb@example.org
Erik James,collinsbrittany@example.org,"May 21, 2024",Bangkok,B,2024-05-21,Erik James,collinsbrittany@example.org
Joel Davis,imcdonald@example.com,"May 22, 2024",Manchester,,2024-05-22,Joel Davis,imcdonald@example.com
Jason Chaney,jimmy80@example.org,"May 23, 2024",London,C,2024-05-23,Jason Chaney,jimmy80@example.org
Karen Bradley,mathew46@example.org,05/24/2024,Berlin,A,2024-05-24,Karen Bradley,mathew46@example.org
William Ramos,joseph69@example.net,25-May-2024,Chicago,,2024-05-25,William Ramos,joseph69@example.net
Angela George,ascott@example.net,"May 30, 2024",Singapore,C,2024-05-30,Angela George,ascott@example.net
SONYA MIRANDA,ashley14@example.org,"June 01, 2024",Los Angeles,A,2024-06-01,Sonya Miranda,ashley14@example.org
TARA MIRANDA,schneidernicholas@example.net,06/03/2024,Sydney,B,2024-06-03,Tara Miranda,schneidernicholas@example.net
BRENDA GRAY,danielblack@example.org,06/04/2024,New York,,2024-06-04,Brenda Gray,danielblack@example.org
Eric Clark,kathrynroberts@example.org,06/04/2024,Berlin,B,2024-06-04,Eric Clark,kathrynroberts@example.org
julie spencer,colelisa@example.net,05-Jun-2024,Toronto,B,2024-06-05,Julie Spencer,colelisa@example.net
norma myers dds,justin38@example.com,06/08/2024,Melbourne,,2024-06-08,Norma Myers Dds,justin38@example.com
Lynn Adams,edwardselizabeth@example.net,10-Jun-2024,New York,A,2024-06-10,Lynn Adams,edwardselizabeth@example.net
Samuel Ortega,wpatrick@example.net,"June 10, 2024",Melbourne,VIP,2024-06-10,Samuel Ortega,wpatrick@example.net
Fernando Mcconnell,smejia@example.net,2024-06-12,Munich,C,2024-06-12,Fernando Mcconnell,smejia@example.net
Felicia Williams,johnmunoz@example.com,13-Jun-2024,Munich,,2024-06-13,Felicia Williams,johnmunoz@example.com
Luis Powell,johnsonjessica@example.org,"June 14, 2024",Bangkok,,2024-06-14,Luis Powell,johnsonjessica@example.org
bianca velazquez,cheryl98@example.net,"June 16, 2024",Singapore,B,2024-06-16,Bianca Velazquez,cheryl98@example.net
Robert Beck,zhughes@example.com,"June 21, 2024",Los Angeles,C,2024-06-21,Robert Beck,zhughes@example.com
Nichole Vasquez,dlivingston@example.org,06/22/2024,Singapore,VIP,2024-06-22,Nichole Vasquez,dlivingston@example.org
Kelly Jackson,kimberlygarcia@example.net,24-Jun-2024,Chicago,A,2024-06-24,Kelly Jackson,kimberlygarcia@example.net
BRENDA ALEXANDER,bradley03@example.org,25-Jun-2024,London,A,2024-06-25,Brenda Alexander,bradley03@example.org
Wanda Jefferson,johnathandavis@example.com,25-Jun-2024,Paris,C,2024-06-25,Wanda Jefferson,johnathandavis@example.com
Erin Cook,kevinmorrison@example.net,2024-06-25,Munich,A,2024-06-25,Erin Cook,kevinmorrison@example.net
Jeffery Fitzgerald,kennethkidd@example.com,"June 27, 2024",,C,2024-06-27,Jeffery Fitzgerald,kennethkidd@example.com
Angela Powell,kmills@example.org,2024-06-28,Manchester,A,2024-06-28,Angela Powell,kmills@example.org
Laura Lewis,oadams@example.net,2024-07-01,Melbourne,,2024-07-01,Laura Lewis,oadams@example.net
TRAVIS WISE,debra96@example.net,07/11/2024,Vancouver,,2024-07-11,Travis Wise,debra96@example.net
